"consensus_direction","consensus_inhibition","consensus_stimulation","interaction","is_directed","is_inhibition","is_stimulation","name","path rank 4","selected","shared interaction","shared name","source_genesymbol","sources","target_genesymbol"
"1","0","1","interacts with","1","0","1","COMPLEX:P27986_P42336 (interacts with) O00329","135","false","interacts with","COMPLEX:P27986_P42336 (interacts with) O00329","PIK3CA_PIK3R1","SIGNOR","PIK3CD"
"1","0","1","interacts with","1","0","1","P12931 (interacts with) P40763","27","false","interacts with","P12931 (interacts with) P40763","SRC","Adhesome;BEL-Large-Corpus_ProtMapper;CancerCellMap;HPRD;HPRD-phos;HPRD_KEA;HPRD_MIMP;KEA;MIMP;NCI-PID_ProtMapper;NetPath;PhosphoPoint;PhosphoSite_KEA;PhosphoSite_MIMP;PhosphoSite_ProtMapper;PhosphoSite_noref;ProtMapper;RLIMS-P_ProtMapper;SIGNOR;SIGNOR_ProtMapper;SPIKE;Sparser_ProtMapper;Wang;iPTMnet;phosphoELM_KEA;phosphoELM_MIMP","STAT3"
"1","0","1","interacts with","1","0","1","P12931 (interacts with) P01116","19","false","interacts with","P12931 (interacts with) P01116","SRC","KEGG-MEDICUS;PhosphoSite;PhosphoSite_noref;SIGNOR;Wang","KRAS"
"1","0","1","interacts with","1","0","1","Q05655 (interacts with) P45983","295","false","interacts with","Q05655 (interacts with) P45983","PRKCD","KEA;Kinexus_KEA;SIGNOR;iPTMnet","MAPK8"
"0","0","0","interacts with","1","1","1","Q06124 (interacts with) O60674","158","false","interacts with","Q06124 (interacts with) O60674","PTPN11","DEPOD;HPRD;NetPath;ProtMapper;REACH_ProtMapper;Reactome_ProtMapper;SIGNOR;SIGNOR_ProtMapper;Wang","JAK2"
"1","0","1","interacts with","1","0","1","P28223 (interacts with) P63096","386","false","interacts with","P28223 (interacts with) P63096","HTR2A","HPRD;SIGNOR","GNAI1"
"1","0","1","interacts with","1","0","1","Q05655 (interacts with) P42224","294","false","interacts with","Q05655 (interacts with) P42224","PRKCD","BEL-Large-Corpus_ProtMapper;HPRD;HPRD-phos;HPRD_KEA;HPRD_MIMP;InnateDB;KEA;MIMP;Macrophage;NCI-PID_ProtMapper;PhosphoPoint;PhosphoSite_KEA;PhosphoSite_MIMP;PhosphoSite_ProtMapper;ProtMapper;Reactome_ProtMapper;SIGNOR;SIGNOR_ProtMapper;Sparser_ProtMapper;Wang;iPTMnet;phosphoELM_MIMP","STAT1"
"1","0","1","interacts with","1","0","1","P31749 (interacts with) P23443","261","false","interacts with","P31749 (interacts with) P23443","AKT1","BEL-Large-Corpus_ProtMapper;BioGRID;HPRD;KEGG-MEDICUS;Lit-BM-17;PhosphoPoint;ProtMapper;SignaLink3;Wang","RPS6KB1"
"0","0","0","interacts with","1","0","1","P12931 (interacts with) P17252","23","false","interacts with","P12931 (interacts with) P17252","SRC","Adhesome;HPRD;SIGNOR;Wang","PRKCA"
"1","1","0","interacts with","1","1","0","Q9UQL6 (interacts with) Q06413","491","false","interacts with","Q9UQL6 (interacts with) Q06413","HDAC5","HPRD;SIGNOR","MEF2C"
"1","0","1","interacts with","1","0","1","P42336 (interacts with) O15530","150","false","interacts with","P42336 (interacts with) O15530","PIK3CA","Adhesome;Wang","PDPK1"
"1","1","0","interacts with","1","1","0","Q9UQL6 (interacts with) Q14814","492","false","interacts with","Q9UQL6 (interacts with) Q14814","HDAC5","HPRD;SIGNOR","MEF2D"
"1","1","0","interacts with","1","1","0","P41743 (interacts with) P29474","269","false","interacts with","P41743 (interacts with) P29474","PRKCI","ProtMapper;SIGNOR;SIGNOR_ProtMapper;iPTMnet","NOS3"
"1","0","1","interacts with","1","0","1","P01112 (interacts with) P45983","216","false","interacts with","P01112 (interacts with) P45983","HRAS","Adhesome;DIP;HPRD;Wang","MAPK8"
"1","0","1","interacts with","1","1","1","P28562 (interacts with) P27361","60","false","interacts with","P28562 (interacts with) P27361","DUSP1","DEPOD;HPRD;InnateDB;IntAct;Lit-BM-17;NCI-PID_ProtMapper;ProtMapper;Reactome_ProtMapper;SIGNOR;SIGNOR_ProtMapper;SignaLink3;Wang","MAPK3"
"1","0","1","interacts with","1","0","1","P08581 (interacts with) Q13480","104","false","interacts with","P08581 (interacts with) Q13480","MET","BEL-Large-Corpus_ProtMapper;HPRD;HPRD-phos;HPRD_KEA;HPRD_MIMP;KEA;KEGG-MEDICUS;Kinexus_KEA;Li2012;MIMP;PhosphoNetworks;PhosphoPoint;PhosphoSite_KEA;PhosphoSite_MIMP;ProtMapper;SIGNOR;SIGNOR_ProtMapper;SPIKE;Wang;iPTMnet;phosphoELM;phosphoELM_KEA;phosphoELM_MIMP","GAB1"
"1","1","0","interacts with","1","1","1","P24941 (interacts with) Q12778","66","false","interacts with","P24941 (interacts with) Q12778","CDK2","ACSN;MIMP;NCI-PID_ProtMapper;PhosphoSite_MIMP;PhosphoSite_ProtMapper;ProtMapper;REACH_ProtMapper;RLIMS-P_ProtMapper;SIGNOR;SIGNOR_ProtMapper;SPIKE;Sparser_ProtMapper;Wang;iPTMnet","FOXO1"
"1","1","1","interacts with","1","1","1","P17252 (interacts with) P11831","243","false","interacts with","P17252 (interacts with) P11831","PRKCA","KEA;MIMP;PhosphoNetworks;PhosphoSite;PhosphoSite_KEA;PhosphoSite_MIMP;PhosphoSite_ProtMapper;ProtMapper;REACH_ProtMapper;SIGNOR;SIGNOR_ProtMapper;Sparser_ProtMapper;iPTMnet;phosphoELM;phosphoELM_KEA;phosphoELM_MIMP","SRF"
"1","0","1","interacts with","1","0","1","P28335 (interacts with) P08754","390","false","interacts with","P28335 (interacts with) P08754","HTR2C","SIGNOR","GNAI3"
"1","0","1","interacts with","1","0","1","COMPLEX:P27986_P42336 (interacts with) P31749","136","false","interacts with","COMPLEX:P27986_P42336 (interacts with) P31749","PIK3CA_PIK3R1","SIGNOR","AKT1"
"1","0","1","interacts with","1","1","1","P17252 (interacts with) P04049","240","false","interacts with","P17252 (interacts with) P04049","PRKCA","CA1;HPRD;HPRD-phos;HPRD_KEA;HPRD_MIMP;KEA;KEGG-MEDICUS;Kinexus_KEA;MIMP;NCI-PID_ProtMapper;PhosphoPoint;PhosphoSite;PhosphoSite_KEA;PhosphoSite_MIMP;PhosphoSite_ProtMapper;ProtMapper;SIGNOR;SIGNOR_ProtMapper;SignaLink3;Wang;iPTMnet;phosphoELM_KEA;phosphoELM_MIMP","RAF1"
"1","0","1","interacts with","1","0","1","COMPLEX:P27986_P42336 (interacts with) P48736","138","false","interacts with","COMPLEX:P27986_P42336 (interacts with) P48736","PIK3CA_PIK3R1","SIGNOR","PIK3CG"
"1","0","1","interacts with","1","0","1","COMPLEX:P27986_P42336 (interacts with) P42338","137","false","interacts with","COMPLEX:P27986_P42336 (interacts with) P42338","PIK3CA_PIK3R1","SIGNOR","PIK3CB"
"1","1","0","interacts with","1","1","1","P17252 (interacts with) P35368","247","false","interacts with","P17252 (interacts with) P35368","PRKCA","HPRD;HPRD_KEA;HPRD_MIMP;KEA;MIMP;NetworKIN_KEA;PhosphoPoint;PhosphoSite_KEA;PhosphoSite_MIMP;ProtMapper;SIGNOR;SIGNOR_ProtMapper;Wang;iPTMnet","ADRA1B"
"1","1","0","interacts with","1","1","0","Q9UQL6 (interacts with) Q02078","490","false","interacts with","Q9UQL6 (interacts with) Q02078","HDAC5","BioGRID;HPRD;SIGNOR;Wang","MEF2A"
"1","0","1","interacts with","1","0","1","P00533 (interacts with) P40763","131","false","interacts with","P00533 (interacts with) P40763","EGFR","BEL-Large-Corpus_ProtMapper;BioGRID;CancerCellMap;HPRD;InnateDB;IntAct;Lit-BM-17;NetPath;PhosphoPoint;ProtMapper;RLIMS-P_ProtMapper;SIGNOR;SPIKE;Wang","STAT3"
"0","0","0","interacts with","1","0","1","Q06124 (interacts with) P17252","163","false","interacts with","Q06124 (interacts with) P17252","PTPN11","Adhesome;HPRD;SIGNOR","PRKCA"
"1","0","1","interacts with","1","1","1","P31749 (interacts with) P98177","267","false","interacts with","P31749 (interacts with) P98177","AKT1","ACSN;BEL-Large-Corpus_ProtMapper;BioGRID;ELM;HPRD;HPRD-phos;HPRD_KEA;HPRD_MIMP;InnateDB;InnateDB_SignaLink3;KEA;MIMP;NCI-PID_ProtMapper;PhosphoPoint;PhosphoSite;PhosphoSite_KEA;PhosphoSite_MIMP;PhosphoSite_ProtMapper;PhosphoSite_noref;ProtMapper;Reactome_ProtMapper;SIGNOR;SIGNOR_ProtMapper;SPIKE;SignaLink3;Wang;dbPTM;iPTMnet;phosphoELM_MIMP","FOXO4"
"1","0","1","interacts with","1","0","1","P21728 (interacts with) P63096","334","false","interacts with","P21728 (interacts with) P63096","DRD1","SIGNOR","GNAI1"
"1","0","1","interacts with","1","0","1","P21728 (interacts with) P50148","37","false","interacts with","P21728 (interacts with) P50148","DRD1","SIGNOR","GNAQ"
"1","0","1","interacts with","1","0","1","P63092 (interacts with) Q08462","332","false","interacts with","P63092 (interacts with) Q08462","GNAS","ACSN;CA1;HPRD;KEGG-MEDICUS;Wang","ADCY2"
"1","1","0","interacts with","1","1","0","P25098 (interacts with) Q16539","255","false","interacts with","P25098 (interacts with) Q16539","GRK2","KEA;Kinexus_KEA;MIMP;PhosphoSite;PhosphoSite_MIMP;PhosphoSite_ProtMapper;ProtMapper;SIGNOR;SIGNOR_ProtMapper;Sparser_ProtMapper;iPTMnet","MAPK14"
"1","0","1","interacts with","1","0","1","P34969 (interacts with) P08754","401","false","interacts with","P34969 (interacts with) P08754","HTR7","SIGNOR","GNAI3"
"1","0","1","interacts with","1","1","1","P31749 (interacts with) O43524","257","false","interacts with","P31749 (interacts with) O43524","AKT1","ACSN;ACSN_SignaLink3;BEL-Large-Corpus_ProtMapper;HPRD;HPRD-phos;HPRD_KEA;HPRD_MIMP;IntAct;KEA;Lit-BM-17;MIMP;Macrophage;NCI-PID_ProtMapper;NetworKIN_KEA;PhosphoPoint;PhosphoSite_KEA;PhosphoSite_MIMP;PhosphoSite_ProtMapper;ProtMapper;Reactome_ProtMapper;SIGNOR;SIGNOR_ProtMapper;SPIKE;SignaLink3;TCRcuration_SignaLink3;Wang;dbPTM;iPTMnet;phosphoELM_MIMP","FOXO3"
"0","0","0","interacts with","1","1","1","P31749 (interacts with) P63000","266","false","interacts with","P31749 (interacts with) P63000","AKT1","Adhesome;BEL-Large-Corpus_ProtMapper;HPRD;HPRD-phos;HPRD_KEA;HPRD_MIMP;KEA;Kinexus_KEA;MIMP;PhosphoPoint;PhosphoSite;PhosphoSite_KEA;PhosphoSite_MIMP;PhosphoSite_ProtMapper;ProtMapper;SIGNOR;SIGNOR_ProtMapper;Wang;iPTMnet","RAC1"
"1","0","1","interacts with","1","1","1","P04150 (interacts with) P10275","58","false","interacts with","P04150 (interacts with) P10275","NR3C1","HPRD;NetPath;SIGNOR;SignaLink3;Wang","AR"
"1","0","1","interacts with","1","0","1","P17252 (interacts with) Q06124","249","false","interacts with","P17252 (interacts with) Q06124","PRKCA","Adhesome;HPRD;HPRD-phos;HPRD_KEA;HPRD_MIMP;KEA;Kinexus_KEA;MIMP;PhosphoPoint;PhosphoSite_KEA;PhosphoSite_MIMP;PhosphoSite_ProtMapper;PhosphoSite_noref;ProtMapper;SIGNOR;SIGNOR_ProtMapper;Wang;iPTMnet;phosphoELM_MIMP","PTPN11"
"1","0","1","interacts with","1","0","1","P63092 (interacts with) O95622","330","false","interacts with","P63092 (interacts with) O95622","GNAS","ACSN;CA1;HPRD;KEGG-MEDICUS;Wang","ADCY5"
"0","0","0","interacts with","1","0","0","O14920 (interacts with) O43318","178","false","interacts with","O14920 (interacts with) O43318","IKBKB","BioGRID;HPRD;InnateDB;IntAct;NetPath;PhosphoPoint;Wang","MAP3K7"
"0","0","0","interacts with","1","0","0","P17252 (interacts with) P08100","242","false","interacts with","P17252 (interacts with) P08100","PRKCA","HPRD;HPRD-phos;HPRD_KEA;HPRD_MIMP;KEA;MIMP;PhosphoPoint;PhosphoSite_KEA;ProtMapper;SIGNOR;SIGNOR_ProtMapper;iPTMnet;phosphoELM_KEA;phosphoELM_MIMP","RHO"
"1","0","1","interacts with","1","0","1","P34969 (interacts with) P63096","408","false","interacts with","P34969 (interacts with) P63096","HTR7","SIGNOR","GNAI1"
"1","0","1","interacts with","1","0","1","P21860 (interacts with) O00329","95","false","interacts with","P21860 (interacts with) O00329","ERBB3","ACSN;SIGNOR;Wang","PIK3CD"
"1","0","1","interacts with","1","0","1","P34969 (interacts with) P50148","44","false","interacts with","P34969 (interacts with) P50148","HTR7","SIGNOR","GNAQ"
"1","0","1","interacts with","1","0","1","P04626 (interacts with) P21860","71","false","interacts with","P04626 (interacts with) P21860","ERBB2","BioGRID;Cellinker;HPRD;IntAct;KEA;Lit-BM-17;NetworKIN_KEA;PhosphoPoint;ProtMapper;REACH_ProtMapper;RLIMS-P_ProtMapper;SIGNOR;SignaLink3;Sparser_ProtMapper;Wang","ERBB3"
"1","0","1","interacts with","1","0","1","P00533 (interacts with) P19174","128","false","interacts with","P00533 (interacts with) P19174","EGFR","BEL-Large-Corpus_ProtMapper;BioGRID;CA1;DOMINO;HPRD;HPRD-phos;HPRD_KEA;HPRD_MIMP;IntAct;KEA;KEGG-MEDICUS;Li2012;Lit-BM-17;MIMP;NetPath;NetworKIN_KEA;PhosphoPoint;PhosphoSite_KEA;PhosphoSite_MIMP;PhosphoSite_ProtMapper;ProtMapper;SIGNOR;SIGNOR_ProtMapper;SPIKE;SignaLink3;Wang;iPTMnet;phosphoELM;phosphoELM_KEA;phosphoELM_MIMP","PLCG1"
"1","0","1","interacts with","1","0","1","P21860 (interacts with) P42336","96","false","interacts with","P21860 (interacts with) P42336","ERBB3","ACSN;SIGNOR;Wang","PIK3CA"
"1","0","1","interacts with","1","0","1","P34969 (interacts with) Q5JWF2","412","false","interacts with","P34969 (interacts with) Q5JWF2","HTR7","SIGNOR;Wang","GNAS"
"1","1","0","interacts with","1","1","0","Q96GD4 (interacts with) Q9UQL6","51","false","interacts with","Q96GD4 (interacts with) Q9UQL6","AURKB","MIMP;PhosphoSite;PhosphoSite_MIMP;PhosphoSite_ProtMapper;ProtMapper;SIGNOR;SIGNOR_ProtMapper;iPTMnet","HDAC5"
"1","0","1","interacts with","1","0","1","P21728 (interacts with) Q5JWF2","338","false","interacts with","P21728 (interacts with) Q5JWF2","DRD1","KEGG-MEDICUS;SIGNOR;Wang","GNAS"
"1","0","1","interacts with","1","0","1","P12931 (interacts with) P25098","255","false","interacts with","P12931 (interacts with) P25098","SRC","CA1;HPRD;KEA;Kinexus_KEA;MIMP;PhosphoSite;PhosphoSite_MIMP;PhosphoSite_ProtMapper;PhosphoSite_noref;ProtMapper;SIGNOR;Wang","GRK2"
"1","0","1","interacts with","1","0","1","P12931 (interacts with) O14920","14","false","interacts with","P12931 (interacts with) O14920","SRC","BioGRID;HPRD;KEA;Kinexus_KEA;MIMP;NetPath;PhosphoSite_MIMP;PhosphoSite_ProtMapper;ProtMapper;REACH_ProtMapper;SIGNOR;SIGNOR_ProtMapper;Sparser_ProtMapper;Wang;iPTMnet","IKBKB"
"1","0","1","interacts with","1","0","1","Q05655 (interacts with) Q15139","296","false","interacts with","Q05655 (interacts with) Q15139","PRKCD","BEL-Large-Corpus_ProtMapper;HPRD_MIMP;KEA;Kinexus_KEA;MIMP;PhosphoNetworks;PhosphoSite;PhosphoSite_KEA;PhosphoSite_MIMP;PhosphoSite_ProtMapper;ProtMapper;REACH_ProtMapper;SIGNOR;SIGNOR_ProtMapper;iPTMnet;phosphoELM;phosphoELM_KEA;phosphoELM_MIMP","PRKD1"
"1","1","0","interacts with","1","1","0","Q96GD4 (interacts with) Q9UKV0","50","false","interacts with","Q96GD4 (interacts with) Q9UKV0","AURKB","ProtMapper;SIGNOR;SIGNOR_ProtMapper;iPTMnet","HDAC9"
"0","0","0","interacts with","1","0","0","P62993 (interacts with) Q06124","102","false","interacts with","P62993 (interacts with) Q06124","GRB2","Adhesome;BioGRID;DOMINO;ELM;HPRD;InnateDB;IntAct;Lit-BM-17;NetPath;ProtMapper;REACH_ProtMapper;Wang","PTPN11"
"1","0","1","interacts with","1","0","1","P34969 (interacts with) P38405","404","false","interacts with","P34969 (interacts with) P38405","HTR7","SIGNOR;Wang","GNAL"
"1","0","1","interacts with","1","0","1","O60674 (interacts with) Q05397","144","false","interacts with","O60674 (interacts with) Q05397","JAK2","BioGRID;HPRD;Wang","PTK2"
"1","0","1","interacts with","1","0","1","P12931 (interacts with) Q05397","32","false","interacts with","P12931 (interacts with) Q05397","SRC","Adhesome;BEL-Large-Corpus_ProtMapper;BioGRID;CancerCellMap;HPRD;HPRD-phos;HPRD_KEA;HPRD_MIMP;IntAct;KEA;Kinexus_KEA;Li2012;Lit-BM-17;MIMP;NCI-PID_ProtMapper;NetPath;NetworKIN_KEA;PhosphoPoint;PhosphoSite_KEA;PhosphoSite_MIMP;PhosphoSite_ProtMapper;PhosphoSite_noref;ProtMapper;REACH_ProtMapper;RLIMS-P_ProtMapper;Reactome_ProtMapper;SIGNOR;SIGNOR_ProtMapper;SignaLink3;Sparser_ProtMapper;TCRcuration_SignaLink3;Wang;dbPTM;iPTMnet;phosphoELM;phosphoELM_KEA;phosphoELM_MIMP","PTK2"
"1","0","1","interacts with","1","0","1","Q06124 (interacts with) P42336","165","false","interacts with","Q06124 (interacts with) P42336","PTPN11","Adhesome;CA1;Wang","PIK3CA"
"1","0","1","interacts with","1","0","1","Q9NR80 (interacts with) P61586","309","false","interacts with","Q9NR80 (interacts with) P61586","ARHGEF4","ACSN;HPRD;SIGNOR","RHOA"
"1","0","1","interacts with","1","0","1","P52333 (interacts with) P40763","496","false","interacts with","P52333 (interacts with) P40763","JAK3","HPRD;InnateDB;KEGG-MEDICUS;PhosphoPoint;SIGNOR;SignaLink3;TCRcuration_SignaLink3;Wang","STAT3"
"1","1","0","interacts with","1","1","0","P56524 (interacts with) Q02078","480","false","interacts with","P56524 (interacts with) Q02078","HDAC4","BioGRID;HPRD;HuRI;MPPI;SIGNOR","MEF2A"
"1","0","1","interacts with","1","0","1","O15530 (interacts with) P05129","182","false","interacts with","O15530 (interacts with) P05129","PDPK1","SIGNOR;SPIKE","PRKCG"
"1","0","1","interacts with","1","0","1","P35462 (interacts with) P08754","439","false","interacts with","P35462 (interacts with) P08754","DRD3","CA1;SIGNOR;Wang","GNAI3"
"1","0","1","interacts with","1","0","1","P21860 (interacts with) P42338","97","false","interacts with","P21860 (interacts with) P42338","ERBB3","ACSN;SIGNOR;Wang","PIK3CB"
"1","0","1","interacts with","1","0","1","P12931 (interacts with) P42224","29","false","interacts with","P12931 (interacts with) P42224","SRC","BioGRID;CancerCellMap;HPRD;HPRD_MIMP;InnateDB;KEA;Li2012;MIMP;NetPath;PhosphoPoint;PhosphoSite_KEA;PhosphoSite_MIMP;PhosphoSite_ProtMapper;ProtMapper;SIGNOR;SIGNOR_ProtMapper;Wang;iPTMnet;phosphoELM;phosphoELM_KEA;phosphoELM_MIMP","STAT1"
"1","0","1","interacts with","1","0","1","P38405 (interacts with) O95622","325","false","interacts with","P38405 (interacts with) O95622","GNAL","SIGNOR;Wang","ADCY5"
"0","0","0","interacts with","1","0","1","P42336 (interacts with) Q06124","155","false","interacts with","P42336 (interacts with) Q06124","PIK3CA","Adhesome;Wang","PTPN11"
"1","0","1","interacts with","1","0","1","P21917 (interacts with) P08754","343","false","interacts with","P21917 (interacts with) P08754","DRD4","SIGNOR","GNAI3"
"1","0","1","interacts with","1","0","1","P09769 (interacts with) Q05397","238","false","interacts with","P09769 (interacts with) Q05397","FGR","HPRD;HPRD_MIMP;MIMP;NCI-PID_ProtMapper;PhosphoSite;PhosphoSite_MIMP;PhosphoSite_ProtMapper;ProtMapper;SIGNOR;SIGNOR_ProtMapper;SignaLink3;TCRcuration_SignaLink3;Wang;iPTMnet;phosphoELM_MIMP","PTK2"
"1","0","1","interacts with","1","0","1","P21860 (interacts with) P48736","98","false","interacts with","P21860 (interacts with) P48736","ERBB3","ACSN;SIGNOR;Wang","PIK3CG"
"1","0","1","interacts with","1","0","1","P04150 (interacts with) P06239","54","false","interacts with","P04150 (interacts with) P06239","NR3C1","HPRD;SIGNOR","LCK"
"1","1","0","interacts with","1","1","0","P17252 (interacts with) P29474","246","false","interacts with","P17252 (interacts with) P29474","PRKCA","KEA;MIMP;PhosphoSite;PhosphoSite_MIMP;PhosphoSite_ProtMapper;ProtMapper;REACH_ProtMapper;SIGNOR;SIGNOR_ProtMapper;Sparser_ProtMapper;iPTMnet;phosphoELM_KEA;phosphoELM_MIMP","NOS3"
"1","0","1","interacts with","1","0","1","P21918 (interacts with) P38405","353","false","interacts with","P21918 (interacts with) P38405","DRD5","SIGNOR;Wang","GNAL"
"1","0","1","interacts with","1","0","1","P12931 (interacts with) P08069","22","false","interacts with","P12931 (interacts with) P08069","SRC","BEL-Large-Corpus_ProtMapper;HPRD;HPRD-phos;HPRD_KEA;HPRD_MIMP;KEA;MIMP;PhosphoPoint;PhosphoSite_KEA;PhosphoSite_MIMP;ProtMapper;RLIMS-P_ProtMapper;SIGNOR;SIGNOR_ProtMapper;Wang;iPTMnet;phosphoELM;phosphoELM_KEA;phosphoELM_MIMP","IGF1R"
"1","0","1","interacts with","1","0","1","P04150 (interacts with) P17676","59","false","interacts with","P04150 (interacts with) P17676","NR3C1","HPRD;Lit-BM-17;SIGNOR","CEBPB"
"1","0","1","interacts with","1","0","1","P21918 (interacts with) P63096","357","false","interacts with","P21918 (interacts with) P63096","DRD5","SIGNOR","GNAI1"
"1","0","1","interacts with","1","0","1","Q9UM73 (interacts with) P52333","495","false","interacts with","Q9UM73 (interacts with) P52333","ALK","BioGRID;HPRD;PhosphoPoint","JAK3"
"0","0","0","interacts with","1","0","1","P00533 (interacts with) P28482","130","false","interacts with","P00533 (interacts with) P28482","EGFR","CancerCellMap;HPRD;KEGG-MEDICUS;NetPath;Wang","MAPK1"
"1","0","1","interacts with","1","0","1","O15530 (interacts with) P23443","184","false","interacts with","O15530 (interacts with) P23443","PDPK1","ACSN;CA1;HPRD;HPRD-phos;HPRD_KEA;KEA;NCI-PID_ProtMapper;PhosphoPoint;PhosphoSite;PhosphoSite_KEA;PhosphoSite_ProtMapper;PhosphoSite_noref;ProtMapper;REACH_ProtMapper;RLIMS-P_ProtMapper;SIGNOR;SIGNOR_ProtMapper;Sparser_ProtMapper;Wang;dbPTM;iPTMnet;phosphoELM","RPS6KB1"
"1","0","1","interacts with","1","0","1","P21918 (interacts with) P50148","40","false","interacts with","P21918 (interacts with) P50148","DRD5","SIGNOR","GNAQ"
"1","0","1","interacts with","1","0","1","P21728 (interacts with) P38405","325","false","interacts with","P21728 (interacts with) P38405","DRD1","SIGNOR;Wang","GNAL"
"1","0","1","interacts with","1","0","1","P63000 (interacts with) P45983","282","false","interacts with","P63000 (interacts with) P45983","RAC1","Adhesome;KEGG-MEDICUS;NCI-PID_ProtMapper;ProtMapper;SIGNOR;Wang","MAPK8"
"1","0","1","interacts with","1","0","1","P21917 (interacts with) P63096","346","false","interacts with","P21917 (interacts with) P63096","DRD4","SIGNOR","GNAI1"
"0","0","0","interacts with","1","0","1","P08908 (interacts with) P63096","114","false","interacts with","P08908 (interacts with) P63096","HTR1A","SIGNOR","GNAI1"
"1","0","1","interacts with","1","0","1","P08581 (interacts with) Q05397","5","false","interacts with","P08581 (interacts with) Q05397","MET","HPRD_MIMP;KEA;Kinexus_KEA;Li2012;MIMP;PhosphoSite_MIMP;PhosphoSite_ProtMapper;PhosphoSite_noref;ProtMapper;REACH_ProtMapper;SIGNOR;SIGNOR_ProtMapper;Sparser_ProtMapper;Wang;iPTMnet;phosphoELM_MIMP","PTK2"
"1","0","1","interacts with","1","0","1","P08908 (interacts with) P50148","6","false","interacts with","P08908 (interacts with) P50148","HTR1A","SIGNOR","GNAQ"
"1","0","1","interacts with","1","0","1","P12931 (interacts with) Q14289","305","false","interacts with","P12931 (interacts with) Q14289","SRC","Adhesome;CancerCellMap;HPRD;HPRD_MIMP;InnateDB;IntAct;KEA;Kinexus_KEA;Li2012;MIMP;NetPath;PhosphoPoint;PhosphoSite;PhosphoSite_MIMP;PhosphoSite_ProtMapper;ProtMapper;REACH_ProtMapper;RLIMS-P_ProtMapper;SIGNOR;SIGNOR_ProtMapper;SignaLink3;Sparser_ProtMapper;TCRcuration_SignaLink3;Wang;dbPTM;iPTMnet;phosphoELM_MIMP","PTK2B"
"1","0","1","interacts with","1","0","1","P04150 (interacts with) Q13547","64","false","interacts with","P04150 (interacts with) Q13547","NR3C1","BioGRID;InnateDB;SIGNOR","HDAC1"
"0","0","0","interacts with","1","0","1","P00533 (interacts with) Q06124","134","false","interacts with","P00533 (interacts with) Q06124","EGFR","BioGRID;CancerCellMap;DOMINO;HPRD;InnateDB;IntAct;Lit-BM-17;NetPath;PhosphoPoint;ProtMapper;REACH_ProtMapper;Sparser_ProtMapper;Wang","PTPN11"
"1","0","1","interacts with","1","0","1","P10721 (interacts with) P62993","156","false","interacts with","P10721 (interacts with) P62993","KIT","BioGRID;DIP;ELM;HPRD;InnateDB;IntAct;KEGG-MEDICUS;Lit-BM-17;NetPath;PhosphoPoint;SIGNOR;SPIKE;Wang","GRB2"
"1","1","0","interacts with","1","1","0","Q06124 (interacts with) P00533","159","false","interacts with","Q06124 (interacts with) P00533","PTPN11","BioGRID;CancerCellMap;DEPOD;DOMINO;HPRD;InnateDB;IntAct;KEA;Kinexus_KEA;Lit-BM-17;NCI-PID_ProtMapper;NetPath;ProtMapper;SIGNOR;SIGNOR_ProtMapper;Wang","EGFR"
"1","0","1","interacts with","1","0","1","P41143 (interacts with) P08754","446","false","interacts with","P41143 (interacts with) P08754","OPRD1","CA1;SIGNOR;Wang","GNAI3"
"1","0","1","interacts with","1","0","1","P21918 (interacts with) Q5JWF2","361","false","interacts with","P21918 (interacts with) Q5JWF2","DRD5","SIGNOR;Wang","GNAS"
"1","0","1","interacts with","1","0","1","P04150 (interacts with) P28562","60","false","interacts with","P04150 (interacts with) P28562","NR3C1","SIGNOR;Wang","DUSP1"
"1","0","1","interacts with","1","0","1","Q13177 (interacts with) P04049","298","false","interacts with","Q13177 (interacts with) P04049","PAK2","HPRD;Lit-BM-17;ProtMapper;REACH_ProtMapper;RLIMS-P_ProtMapper;Reactome_ProtMapper;SignaLink3;Sparser_ProtMapper;Wang","RAF1"
"1","0","1","interacts with","1","0","1","P04626 (interacts with) P42336","73","false","interacts with","P04626 (interacts with) P42336","ERBB2","ACSN;CA1;Wang","PIK3CA"
"1","0","1","interacts with","1","0","1","P21918 (interacts with) P08754","350","false","interacts with","P21918 (interacts with) P08754","DRD5","SIGNOR","GNAI3"
"1","0","1","interacts with","1","0","1","O14641 (interacts with) Q9NQ66","470","false","interacts with","O14641 (interacts with) Q9NQ66","DVL2","SIGNOR","PLCB1"
"1","1","0","interacts with","1","1","0","Q9UKV0 (interacts with) Q06413","489","false","interacts with","Q9UKV0 (interacts with) Q06413","HDAC9","Lit-BM-17;SIGNOR","MEF2C"
"1","0","1","interacts with","1","0","1","P12931 (interacts with) Q13177","298","false","interacts with","P12931 (interacts with) Q13177","SRC","DOMINO;HPRD;HPRD_KEA;HPRD_MIMP;KEA;Kinexus_KEA;Lit-BM-17;MIMP;PhosphoPoint;PhosphoSite_KEA;PhosphoSite_MIMP;ProtMapper;SIGNOR;SIGNOR_ProtMapper;Wang;iPTMnet;phosphoELM;phosphoELM_KEA;phosphoELM_MIMP","PAK2"
"1","0","1","interacts with","1","0","1","P35372 (interacts with) P08754","431","false","interacts with","P35372 (interacts with) P08754","OPRM1","CA1;SIGNOR;Wang","GNAI3"
"1","1","0","interacts with","1","1","0","Q06124 (interacts with) P04626","162","false","interacts with","Q06124 (interacts with) P04626","PTPN11","DOMINO;HPRD;Lit-BM-17;SIGNOR;Wang","ERBB2"
"1","0","1","interacts with","1","0","1","P04049 (interacts with) P36507","226","false","interacts with","P04049 (interacts with) P36507","RAF1","ACSN;HPRD;IntAct;KEGG-MEDICUS;Lit-BM-17;NCI-PID_ProtMapper;ProtMapper;SIGNOR;SIGNOR_ProtMapper;SPIKE;SignaLink3;Wang;dbPTM","MAP2K2"
"1","1","0","interacts with","1","1","0","Q14289 (interacts with) P29474","305","false","interacts with","Q14289 (interacts with) P29474","PTK2B","MIMP;PhosphoSite;PhosphoSite_MIMP;PhosphoSite_ProtMapper;ProtMapper;REACH_ProtMapper;SIGNOR;SIGNOR_ProtMapper;Sparser_ProtMapper;iPTMnet","NOS3"
"1","0","1","interacts with","1","0","1","Q06124 (interacts with) P01116","161","false","interacts with","Q06124 (interacts with) P01116","PTPN11","ProtMapper;SIGNOR;SIGNOR_ProtMapper;Wang","KRAS"
"1","0","1","interacts with","1","1","1","P00519 (interacts with) P42345","196","false","interacts with","P00519 (interacts with) P42345","ABL1","InnateDB;SIGNOR;SignaLink3","MTOR"
"1","0","1","interacts with","1","0","1","P12931 (interacts with) P63000","31","false","interacts with","P12931 (interacts with) P63000","SRC","KEGG-MEDICUS;MIMP;PhosphoSite_MIMP;PhosphoSite_ProtMapper;ProtMapper;REACH_ProtMapper;RLIMS-P_ProtMapper;SIGNOR;Sparser_ProtMapper;Wang","RAC1"
"1","0","1","interacts with","1","1","1","P52333 (interacts with) P23458","495","false","interacts with","P52333 (interacts with) P23458","JAK3","BioGRID;HPRD;HPRD-phos;HPRD_KEA;HPRD_MIMP;InnateDB;KEA;Kinexus_KEA;MIMP;PhosphoPoint;PhosphoSite;PhosphoSite_KEA;PhosphoSite_MIMP;PhosphoSite_ProtMapper;PhosphoSite_noref;ProtMapper;SIGNOR;SIGNOR_ProtMapper;Wang;iPTMnet;phosphoELM;phosphoELM_KEA;phosphoELM_MIMP","JAK1"
"1","0","1","interacts with","1","0","1","O60674 (interacts with) P42224","143","false","interacts with","O60674 (interacts with) P42224","JAK2","CA1;CancerCellMap;HPRD;HPRD-phos;HPRD_KEA;HPRD_MIMP;InnateDB;KEA;KEGG-MEDICUS;MIMP;Macrophage;NetPath;PhosphoPoint;PhosphoSite_KEA;PhosphoSite_MIMP;PhosphoSite_ProtMapper;ProtMapper;REACH_ProtMapper;RLIMS-P_ProtMapper;SIGNOR;SIGNOR_ProtMapper;SignaLink3;Sparser_ProtMapper;Wang;iPTMnet;phosphoELM;phosphoELM_KEA;phosphoELM_MIMP","STAT1"
"1","0","1","interacts with","1","0","1","Q06124 (interacts with) P01112","160","false","interacts with","Q06124 (interacts with) P01112","PTPN11","ProtMapper;SIGNOR;SIGNOR_ProtMapper;Wang","HRAS"
"1","0","1","interacts with","1","0","1","P41145 (interacts with) P08754","453","false","interacts with","P41145 (interacts with) P08754","OPRK1","CA1;SIGNOR;Wang","GNAI3"
"1","0","1","interacts with","1","0","1","P00533 (interacts with) P21860","129","false","interacts with","P00533 (interacts with) P21860","EGFR","BioGRID;HPRD;IntAct;Li2012;Lit-BM-17;PhosphoPoint;ProtMapper;SIGNOR;SIGNOR_ProtMapper;SPIKE;Wang;iPTMnet","ERBB3"
"0","0","0","interacts with","1","0","1","P04049 (interacts with) P28482","225","false","interacts with","P04049 (interacts with) P28482","RAF1","HPRD;HPRD-phos;HPRD_KEA;HPRD_MIMP;InnateDB;KEA;MIMP;NCI-PID_ProtMapper;PhosphoPoint;PhosphoSite_KEA;PhosphoSite_MIMP;ProtMapper;Reactome_ProtMapper;SPIKE;Wang;iPTMnet","MAPK1"
"1","1","0","interacts with","1","1","0","P17252 (interacts with) P49841","248","false","interacts with","P17252 (interacts with) P49841","PRKCA","HPRD_MIMP;MIMP;PhosphoSite_MIMP;PhosphoSite_ProtMapper;ProtMapper;SIGNOR;SIGNOR_ProtMapper;iPTMnet;phosphoELM_MIMP","GSK3B"
"1","1","0","interacts with","1","1","0","Q13322 (interacts with) P08069","300","false","interacts with","Q13322 (interacts with) P08069","GRB10","DOMINO;HPRD;Lit-BM-17;SIGNOR;Wang","IGF1R"
"1","0","1","interacts with","1","0","1","P63092 (interacts with) Q9NQ66","333","false","interacts with","P63092 (interacts with) Q9NQ66","GNAS","SIGNOR","PLCB1"
"1","1","0","interacts with","1","1","0","P08754 (interacts with) Q08462","110","false","interacts with","P08754 (interacts with) Q08462","GNAI3","CA1;KEGG-MEDICUS;Wang","ADCY2"
"1","0","1","interacts with","1","0","1","Q3KR16 (interacts with) P61586","477","false","interacts with","Q3KR16 (interacts with) P61586","PLEKHG6","SIGNOR;Wang","RHOA"
"0","0","0","interacts with","1","0","1","P04626 (interacts with) P00533","69","false","interacts with","P04626 (interacts with) P00533","ERBB2","BioGRID;HPRD;HPRD-phos;HPRD_KEA;HPRD_MIMP;IntAct;KEA;Lit-BM-17;MIMP;NetPath;PhosphoSite_MIMP;ProtMapper;SIGNOR;SPIKE;Sparser_ProtMapper;Wang;iPTMnet;phosphoELM_MIMP","EGFR"
"1","1","0","interacts with","1","1","1","P12931 (interacts with) Q13322","300","false","interacts with","P12931 (interacts with) Q13322","SRC","HPRD;HPRD_KEA;HPRD_MIMP;KEA;MIMP;PhosphoPoint;PhosphoSite;PhosphoSite_KEA;PhosphoSite_MIMP;PhosphoSite_ProtMapper;ProtMapper;SIGNOR;SIGNOR_ProtMapper;Wang;iPTMnet;phosphoELM;phosphoELM_KEA;phosphoELM_MIMP","GRB10"
"1","0","1","interacts with","1","0","1","P00533 (interacts with) P04626","124","false","interacts with","P00533 (interacts with) P04626","EGFR","BEL-Large-Corpus_ProtMapper;BioGRID;Cellinker;HPRD;HPRD-phos;HPRD_KEA;HPRD_MIMP;IntAct;KEA;Li2012;Lit-BM-17;MIMP;NetPath;PhosphoPoint;PhosphoSite_KEA;PhosphoSite_MIMP;ProtMapper;RLIMS-P_ProtMapper;SIGNOR;SIGNOR_ProtMapper;SPIKE;Wang;iPTMnet;phosphoELM_MIMP","ERBB2"
"1","0","1","interacts with","1","0","1","P60953 (interacts with) O14733","276","false","interacts with","P60953 (interacts with) O14733","CDC42","SignaLink3;TCRcuration_SignaLink3","MAP2K7"
"1","0","1","interacts with","1","0","1","P35568 (interacts with) P42336","475","false","interacts with","P35568 (interacts with) P42336","IRS1","ACSN;Adhesome;CA1;IntAct;SIGNOR;Wang","PIK3CA"
"1","1","0","interacts with","1","1","1","P12931 (interacts with) P25963","25","false","interacts with","P12931 (interacts with) P25963","SRC","CancerCellMap;HPRD;HPRD-phos;HPRD_KEA;HPRD_MIMP;InnateDB;KEA;Li2012;MIMP;NCI-PID_ProtMapper;NetPath;PhosphoPoint;PhosphoSite_KEA;PhosphoSite_MIMP;ProtMapper;REACH_ProtMapper;RLIMS-P_ProtMapper;SIGNOR;SIGNOR_ProtMapper;Sparser_ProtMapper;Wang;iPTMnet;phosphoELM;phosphoELM_KEA;phosphoELM_MIMP","NFKBIA"
"0","0","0","interacts with","1","0","1","P31749 (interacts with) P42345","263","false","interacts with","P31749 (interacts with) P42345","AKT1","BEL-Large-Corpus_ProtMapper;BioGRID;HPRD;HPRD-phos;HPRD_KEA;HPRD_MIMP;IntAct;KEA;KEGG-MEDICUS;Kinexus_KEA;Lit-BM-17;MIMP;NCI-PID_ProtMapper;NetPath;NetworKIN_KEA;PhosphoPoint;PhosphoSite;PhosphoSite_KEA;PhosphoSite_MIMP;PhosphoSite_ProtMapper;ProtMapper;SIGNOR;SIGNOR_ProtMapper;Sparser_ProtMapper;Wang;iPTMnet;phosphoELM_MIMP","MTOR"
"1","0","1","interacts with","1","0","1","P08581 (interacts with) P21860","4","false","interacts with","P08581 (interacts with) P21860","MET","Cellinker","ERBB3"
"0","0","0","interacts with","1","0","0","P07900 (interacts with) P04626","1","false","interacts with","P07900 (interacts with) P04626","HSP90AA1","BioGRID;CellTalkDB;Cellinker;HPRD;IntAct;LRdb;Lit-BM-17;Reactome_LRdb","ERBB2"
"1","0","1","interacts with","1","0","1","O60674 (interacts with) P00533","139","false","interacts with","O60674 (interacts with) P00533","JAK2","DOMINO;HPRD;HPRD-phos;HPRD_KEA;HPRD_MIMP;InnateDB;KEA;Lit-BM-17;MIMP;PhosphoPoint;PhosphoSite_KEA;PhosphoSite_MIMP;ProtMapper;REACH_ProtMapper;SIGNOR;SIGNOR_ProtMapper;Sparser_ProtMapper;Wang;iPTMnet;phosphoELM_MIMP","EGFR"
"1","1","0","interacts with","1","1","0","P07437 (interacts with) Q15796","67","false","interacts with","P07437 (interacts with) Q15796","TUBB","SIGNOR","SMAD2"
"1","0","1","interacts with","1","0","1","Q15796 (interacts with) Q02078","68","false","interacts with","Q15796 (interacts with) Q02078","SMAD2","HPRD;NetPath;SIGNOR;SignaLink3;Wang","MEF2A"
"1","0","1","interacts with","1","0","1","P12931 (interacts with) P41743","28","false","interacts with","P12931 (interacts with) P41743","SRC","HPRD;HPRD-phos;HPRD_KEA;HPRD_MIMP;KEA;Kinexus_KEA;MIMP;PhosphoPoint;PhosphoSite_KEA;ProtMapper;SIGNOR;SIGNOR_ProtMapper;Wang;dbPTM;iPTMnet;phosphoELM;phosphoELM_KEA;phosphoELM_MIMP","PRKCI"
"1","0","1","interacts with","1","0","1","Q9UM73 (interacts with) P19174","52","false","interacts with","Q9UM73 (interacts with) P19174","ALK","HPRD;PhosphoPoint;SIGNOR;SignaLink3","PLCG1"
"1","0","1","interacts with","1","0","1","P52333 (interacts with) P42224","497","false","interacts with","P52333 (interacts with) P42224","JAK3","HPRD_MIMP;KEGG-MEDICUS;MIMP;PhosphoSite_MIMP;PhosphoSite_ProtMapper;ProtMapper;SignaLink3;TCRcuration_SignaLink3;Wang;iPTMnet;phosphoELM_MIMP","STAT1"
"1","0","1","interacts with","1","0","1","Q3KR16 (interacts with) P63000","478","false","interacts with","Q3KR16 (interacts with) P63000","PLEKHG6","SIGNOR","RAC1"
"1","0","1","interacts with","1","0","1","P12931 (interacts with) P31749","26","false","interacts with","P12931 (interacts with) P31749","SRC","Adhesome;HPRD;HPRD-phos;HPRD_KEA;HPRD_MIMP;InnateDB;KEA;Kinexus_KEA;Lit-BM-17;MIMP;PhosphoPoint;PhosphoSite_KEA;PhosphoSite_MIMP;ProtMapper;SIGNOR;SIGNOR_ProtMapper;Wang;iPTMnet;phosphoELM_KEA","AKT1"
"1","0","1","interacts with","1","0","1","Q9UM73 (interacts with) P40763","53","false","interacts with","Q9UM73 (interacts with) P40763","ALK","BEL-Large-Corpus_ProtMapper;HPRD_MIMP;KEA;MIMP;PhosphoPoint;PhosphoSite_KEA;PhosphoSite_MIMP;PhosphoSite_ProtMapper;ProtMapper;SIGNOR;SignaLink3;Wang;iPTMnet;phosphoELM;phosphoELM_KEA;phosphoELM_MIMP","STAT3"
"0","0","0","interacts with","1","1","0","P07585 (interacts with) P01137","82","false","interacts with","P07585 (interacts with) P01137","DCN","BioGRID;CellChatDB-cofactors;HPRD;Wang","TGFB1"
"1","1","0","interacts with","1","1","0","P22681 (interacts with) P04626","100","false","interacts with","P22681 (interacts with) P04626","CBL","ACSN;ProtMapper;REACH_ProtMapper;SIGNOR","ERBB2"
"1","0","1","interacts with","1","0","1","P28221 (interacts with) P63096","368","false","interacts with","P28221 (interacts with) P63096","HTR1D","SIGNOR","GNAI1"
"1","0","1","interacts with","1","0","1","P35367 (interacts with) P08754","416","false","interacts with","P35367 (interacts with) P08754","HRH1","SIGNOR","GNAI3"
"1","0","1","interacts with","1","0","1","P12931 (interacts with) Q9NRY4","310","false","interacts with","P12931 (interacts with) Q9NRY4","SRC","Adhesome;HPRD;HPRD-phos;HPRD_KEA;HPRD_MIMP;KEA;KEGG-MEDICUS;Li2012;MIMP;NetworKIN_KEA;PhosphoPoint;PhosphoSite;PhosphoSite_KEA;PhosphoSite_MIMP;ProtMapper;REACH_ProtMapper;SIGNOR;SIGNOR_ProtMapper;Sparser_ProtMapper;Wang;iPTMnet;phosphoELM;phosphoELM_KEA;phosphoELM_MIMP","ARHGAP35"
"1","0","1","interacts with","1","0","1","P12931 (interacts with) P60953","276","false","interacts with","P12931 (interacts with) P60953","SRC","KEA;Kinexus_KEA;MIMP;PhosphoSite;PhosphoSite_KEA;PhosphoSite_MIMP;ProtMapper;SIGNOR;SIGNOR_ProtMapper;SPIKE;Sparser_ProtMapper;Wang;iPTMnet;phosphoELM;phosphoELM_KEA;phosphoELM_MIMP","CDC42"
"1","0","1","interacts with","1","0","1","Q03113 (interacts with) P61586","400","false","interacts with","Q03113 (interacts with) P61586","GNA12","SIGNOR;Wang","RHOA"
"1","0","1","interacts with","1","0","1","P50148 (interacts with) Q9NQ66","113","false","interacts with","P50148 (interacts with) Q9NQ66","GNAQ","BioGRID;CA1;HPRD;KEGG-MEDICUS;Lit-BM-17;SIGNOR;Wang","PLCB1"
"1","0","1","interacts with","1","0","1","Q13547 (interacts with) O43524","64","false","interacts with","Q13547 (interacts with) O43524","HDAC1","SIGNOR","FOXO3"
"1","0","1","interacts with","1","1","1","P12931 (interacts with) P01112","18","false","interacts with","P12931 (interacts with) P01112","SRC","Adhesome;DOMINO;HPRD;KEGG-MEDICUS;PhosphoPoint;PhosphoSite;PhosphoSite_ProtMapper;PhosphoSite_noref;ProtMapper;SIGNOR;SIGNOR_ProtMapper;SPIKE;Wang;iPTMnet","HRAS"
"1","0","1","interacts with","1","0","1","P28223 (interacts with) P08754","379","false","interacts with","P28223 (interacts with) P08754","HTR2A","SIGNOR","GNAI3"
"1","1","0","interacts with","1","1","1","Q9NRY4 (interacts with) P61586","310","false","interacts with","Q9NRY4 (interacts with) P61586","ARHGAP35","Adhesome;BioGRID;KEGG-MEDICUS;SIGNOR;Wang","RHOA"
"1","1","0","interacts with","1","1","1","Q15139 (interacts with) P19174","306","false","interacts with","Q15139 (interacts with) P19174","PRKD1","HPRD;HPRD-phos;HPRD_KEA;HPRD_MIMP;KEA;MIMP;NetPath;PhosphoPoint;PhosphoSite_KEA;PhosphoSite_MIMP;ProtMapper;SIGNOR;SIGNOR_ProtMapper;Wang;iPTMnet;phosphoELM_MIMP","PLCG1"
"0","0","0","interacts with","1","1","1","P25963 (interacts with) P19838","256","false","interacts with","P25963 (interacts with) P19838","NFKBIA","BioGRID;CA1;CancerCellMap;DIP;HPRD;InnateDB;IntAct;Lit-BM-17;Macrophage;NetPath;SIGNOR;SignaLink3;TCRcuration_SignaLink3;Wang","NFKB1"
"1","0","1","interacts with","1","0","1","P12931 (interacts with) P04049","20","false","interacts with","P12931 (interacts with) P04049","SRC","BEL-Large-Corpus_ProtMapper;HPRD;HPRD-phos;HPRD_KEA;HPRD_MIMP;KEA;KEGG-MEDICUS;Kinexus_KEA;MIMP;PhosphoPoint;PhosphoSite;PhosphoSite_KEA;PhosphoSite_MIMP;PhosphoSite_ProtMapper;ProtMapper;REACH_ProtMapper;RLIMS-P_ProtMapper;Reactome_ProtMapper;SIGNOR;SIGNOR_ProtMapper;SPIKE;Sparser_ProtMapper;dbPTM;iPTMnet;phosphoELM;phosphoELM_KEA;phosphoELM_MIMP","RAF1"
"1","0","1","interacts with","1","0","1","P08908 (interacts with) P08754","108","false","interacts with","P08908 (interacts with) P08754","HTR1A","CA1;HPRD;SIGNOR;Wang","GNAI3"
"0","0","0","interacts with","1","0","0","P12931 (interacts with) P04626","21","false","interacts with","P12931 (interacts with) P04626","SRC","Cellinker;HPRD;IntAct;ProtMapper;REACH_ProtMapper;Reactome_ProtMapper;Wang","ERBB2"
"1","1","0","interacts with","1","1","0","Q9NRY4 (interacts with) P63000","311","false","interacts with","Q9NRY4 (interacts with) P63000","ARHGAP35","Adhesome;SIGNOR;Wang","RAC1"
"1","0","1","interacts with","1","0","1","P12931 (interacts with) Q9NR80","309","false","interacts with","P12931 (interacts with) Q9NR80","SRC","MIMP;PhosphoSite;PhosphoSite_MIMP;ProtMapper;SIGNOR;SIGNOR_ProtMapper;iPTMnet","ARHGEF4"
"1","0","1","interacts with","1","0","1","P53350 (interacts with) Q9H0H5","479","false","interacts with","P53350 (interacts with) Q9H0H5","PLK1","DIP;HPRD_MIMP;IntAct;Lit-BM-17;MIMP;PhosphoSite;PhosphoSite_MIMP;PhosphoSite_ProtMapper;PhosphoSite_noref;ProtMapper;RLIMS-P_ProtMapper;SIGNOR;SIGNOR_ProtMapper;dbPTM;iPTMnet;phosphoELM_MIMP","RACGAP1"
"1","0","1","interacts with","1","0","1","P35367 (interacts with) P63096","423","false","interacts with","P35367 (interacts with) P63096","HRH1","SIGNOR","GNAI1"
"1","0","1","interacts with","1","0","1","P04626 (interacts with) P23458","72","false","interacts with","P04626 (interacts with) P23458","ERBB2","DOMINO;PhosphoPoint;Wang","JAK1"
"1","0","1","interacts with","1","0","1","P35367 (interacts with) Q5JWF2","427","false","interacts with","P35367 (interacts with) Q5JWF2","HRH1","SIGNOR","GNAS"
"1","0","1","interacts with","1","0","1","P41143 (interacts with) P63096","449","false","interacts with","P41143 (interacts with) P63096","OPRD1","HPRD;SIGNOR","GNAI1"
"1","0","1","interacts with","1","0","1","O60674 (interacts with) P19174","141","false","interacts with","O60674 (interacts with) P19174","JAK2","DOMINO;InnateDB;Lit-BM-17;Wang","PLCG1"
"1","0","1","interacts with","1","0","1","P35367 (interacts with) P38405","419","false","interacts with","P35367 (interacts with) P38405","HRH1","SIGNOR","GNAL"
"1","1","0","interacts with","1","1","1","O14775 (interacts with) O95622","312","false","interacts with","O14775 (interacts with) O95622","GNB5","SIGNOR","ADCY5"
"0","0","0","interacts with","1","0","1","P62993 (interacts with) P00533","101","false","interacts with","P62993 (interacts with) P00533","GRB2","DIP;DOMINO;ELM;HPRD;InnateDB;IntAct;LMPID;Lit-BM-17;NetPath;SIGNOR;SPIKE;Wang","EGFR"
"1","0","1","interacts with","1","0","1","P60953 (interacts with) Q13233","279","false","interacts with","P60953 (interacts with) Q13233","CDC42","NCI-PID_ProtMapper;NetPath;ProtMapper;SPIKE;SignaLink3;TCRcuration_SignaLink3;Wang","MAP3K1"
"1","1","0","interacts with","1","1","0","P00533 (interacts with) P0DP23","125","false","interacts with","P00533 (interacts with) P0DP23","EGFR","BioGRID;HPRD;HPRD-phos;HPRD_KEA;HPRD_MIMP;InnateDB;KEA;Lit-BM-17;MIMP;PhosphoPoint;PhosphoSite_KEA;ProtMapper;SIGNOR;SIGNOR_ProtMapper;iPTMnet;phosphoELM","CALM1"
"1","1","0","interacts with","1","1","1","Q15139 (interacts with) Q8WUI4","307","false","interacts with","Q15139 (interacts with) Q8WUI4","PRKD1","HPRD;HPRD-phos;HPRD_KEA;HPRD_MIMP;KEA;MIMP;PhosphoPoint;PhosphoSite;PhosphoSite_KEA;PhosphoSite_MIMP;PhosphoSite_ProtMapper;PhosphoSite_noref;ProtMapper;REACH_ProtMapper;RLIMS-P_ProtMapper;SIGNOR;SIGNOR_ProtMapper;Sparser_ProtMapper;Wang;dbPTM;iPTMnet;phosphoELM;phosphoELM_MIMP","HDAC7"
"1","1","0","interacts with","1","1","1","P00533 (interacts with) P0DP25","127","false","interacts with","P00533 (interacts with) P0DP25","EGFR","HPRD;HPRD-phos;HPRD_KEA;HPRD_MIMP;InnateDB;KEA;Lit-BM-17;MIMP;PhosphoPoint;PhosphoSite_KEA;PhosphoSite_MIMP;ProtMapper;SIGNOR;SIGNOR_ProtMapper;Wang;phosphoELM;phosphoELM_KEA","CALM3"
"1","0","1","interacts with","1","0","1","P10275 (interacts with) P00533","7","false","interacts with","P10275 (interacts with) P00533","AR","CancerCellMap;Cellinker;HPRD;NetPath;ProtMapper;Sparser_ProtMapper","EGFR"
"1","0","1","interacts with","1","0","1","P35367 (interacts with) P50148","45","false","interacts with","P35367 (interacts with) P50148","HRH1","SIGNOR;Wang","GNAQ"
"1","1","0","interacts with","1","1","0","P00533 (interacts with) P0DP24","126","false","interacts with","P00533 (interacts with) P0DP24","EGFR","BEL-Large-Corpus_ProtMapper;HPRD;HPRD-phos;HPRD_KEA;HPRD_MIMP;InnateDB;IntAct;KEA;Lit-BM-17;MIMP;PhosphoPoint;PhosphoSite_KEA;ProtMapper;SIGNOR;SIGNOR_ProtMapper;phosphoELM;phosphoELM_MIMP","CALM2"
"0","0","0","interacts with","1","0","1","P20936 (interacts with) P00533","253","false","interacts with","P20936 (interacts with) P00533","RASA1","CancerCellMap;DOMINO;HPRD;Lit-BM-17;NetPath;SIGNOR;Wang","EGFR"
"1","0","1","interacts with","1","0","1","P28335 (interacts with) Q03113","400","false","interacts with","P28335 (interacts with) Q03113","HTR2C","SIGNOR","GNA12"
"1","0","1","interacts with","1","0","1","P35372 (interacts with) P63096","434","false","interacts with","P35372 (interacts with) P63096","OPRM1","HPRD;SIGNOR","GNAI1"
"1","0","1","interacts with","1","0","1","P01116 (interacts with) P04049","220","false","interacts with","P01116 (interacts with) P04049","KRAS","BioGRID;DIP;HPRD;InnateDB;IntAct;KEGG-MEDICUS;Lit-BM-17;NCI-PID_ProtMapper;NetPath;ProtMapper;SIGNOR;SignaLink3;Wang","RAF1"
"1","0","1","interacts with","1","0","1","P28335 (interacts with) P50148","43","false","interacts with","P28335 (interacts with) P50148","HTR2C","HPRD;SIGNOR;Wang","GNAQ"
"1","0","1","interacts with","1","0","1","P41145 (interacts with) P63096","456","false","interacts with","P41145 (interacts with) P63096","OPRK1","SIGNOR","GNAI1"
"1","1","0","interacts with","1","1","0","P60953 (interacts with) P49841","278","false","interacts with","P60953 (interacts with) P49841","CDC42","SIGNOR","GSK3B"
"1","0","1","interacts with","1","0","1","P28335 (interacts with) P63096","396","false","interacts with","P28335 (interacts with) P63096","HTR2C","SIGNOR","GNAI1"
"1","1","0","interacts with","1","1","0","Q15139 (interacts with) Q9UQL6","308","false","interacts with","Q15139 (interacts with) Q9UQL6","PRKD1","BioGRID;HPRD;HPRD_KEA;HPRD_MIMP;KEA;MIMP;PhosphoPoint;PhosphoSite_KEA;PhosphoSite_MIMP;PhosphoSite_ProtMapper;ProtMapper;REACH_ProtMapper;SIGNOR;SIGNOR_ProtMapper;Sparser_ProtMapper;iPTMnet;phosphoELM_MIMP","HDAC5"
"1","1","1","interacts with","1","1","1","Q05655 (interacts with) P28482","290","false","interacts with","Q05655 (interacts with) P28482","PRKCD","HPRD;PhosphoPoint;Wang","MAPK1"
"1","0","1","interacts with","1","0","1","P12931 (interacts with) Q13480","301","false","interacts with","P12931 (interacts with) Q13480","SRC","Adhesome;HPRD_MIMP;Li2012;MIMP;NCI-PID_ProtMapper;PhosphoSite;PhosphoSite_MIMP;PhosphoSite_ProtMapper;PhosphoSite_noref;ProtMapper;REACH_ProtMapper;RLIMS-P_ProtMapper;SIGNOR;SIGNOR_ProtMapper;Sparser_ProtMapper;Wang;iPTMnet;phosphoELM_MIMP","GAB1"
"1","0","1","interacts with","1","0","1","O15530 (interacts with) P17252","183","false","interacts with","O15530 (interacts with) P17252","PDPK1","Adhesome;CA1;ProtMapper;Reactome_ProtMapper;SIGNOR;SPIKE;Wang","PRKCA"
"1","1","0","interacts with","1","1","0","P63096 (interacts with) O95622","116","false","interacts with","P63096 (interacts with) O95622","GNAI1","HPRD;KEGG-MEDICUS;SignaLink3;TCRcuration_SignaLink3;Wang","ADCY5"
"1","1","0","interacts with","1","1","0","P63096 (interacts with) O43306","115","false","interacts with","P63096 (interacts with) O43306","GNAI1","KEGG-MEDICUS;SignaLink3;TCRcuration_SignaLink3;Wang","ADCY6"
"1","0","1","interacts with","1","0","1","P07900 (interacts with) P36897","76","false","interacts with","P07900 (interacts with) P36897","HSP90AA1","BioGRID;SIGNOR","TGFBR1"
"1","0","1","interacts with","1","0","1","P12931 (interacts with) Q15139","34","false","interacts with","P12931 (interacts with) Q15139","SRC","HPRD;HPRD_KEA;HPRD_MIMP;KEA;Kinexus_KEA;MIMP;PhosphoPoint;PhosphoSite;PhosphoSite_KEA;PhosphoSite_MIMP;PhosphoSite_ProtMapper;PhosphoSite_noref;ProtMapper;REACH_ProtMapper;SIGNOR;SIGNOR_ProtMapper;Sparser_ProtMapper;Wang;iPTMnet;phosphoELM;phosphoELM_KEA;phosphoELM_MIMP","PRKD1"
"1","0","1","interacts with","1","1","1","P28562 (interacts with) P28482","61","false","interacts with","P28562 (interacts with) P28482","DUSP1","CA1;DEPOD;ELM;HPRD;HPRD-phos;InnateDB;LMPID;Lit-BM-17;NCI-PID_ProtMapper;ProtMapper;Reactome_ProtMapper;SIGNOR;SIGNOR_ProtMapper;SignaLink3;Wang","MAPK1"
"1","1","0","interacts with","1","1","1","O14920 (interacts with) P19838","180","false","interacts with","O14920 (interacts with) P19838","IKBKB","BEL-Large-Corpus_ProtMapper;HPRD;HPRD-phos;HPRD_KEA;HPRD_MIMP;InnateDB;IntAct;KEA;Lit-BM-17;MIMP;Macrophage;NCI-PID_ProtMapper;PhosphoNetworks;PhosphoPoint;PhosphoSite;PhosphoSite_KEA;PhosphoSite_MIMP;PhosphoSite_ProtMapper;ProtMapper;REACH_ProtMapper;RLIMS-P_ProtMapper;SIGNOR;SIGNOR_ProtMapper;SPIKE;Sparser_ProtMapper;Wang;dbPTM;iPTMnet;phosphoELM;phosphoELM_KEA;phosphoELM_MIMP","NFKB1"
"1","1","0","interacts with","1","1","0","P53041 (interacts with) P04049","78","false","interacts with","P53041 (interacts with) P04049","PPP5C","DEPOD;KEA;Kinexus_KEA;NCI-PID_ProtMapper;ProtMapper;Reactome_ProtMapper;SIGNOR;SIGNOR_ProtMapper;Wang","RAF1"
"1","1","0","interacts with","1","1","0","O14920 (interacts with) O43524","179","false","interacts with","O14920 (interacts with) O43524","IKBKB","ACSN;HPRD;InnateDB;KEA;Lit-BM-17;MIMP;NCI-PID_ProtMapper;PhosphoNetworks;PhosphoPoint;PhosphoSite_KEA;PhosphoSite_MIMP;PhosphoSite_ProtMapper;ProtMapper;REACH_ProtMapper;SIGNOR;SIGNOR_ProtMapper;Sparser_ProtMapper;Wang;iPTMnet;phosphoELM;phosphoELM_KEA;phosphoELM_MIMP","FOXO3"
"1","1","0","interacts with","1","1","0","P08754 (interacts with) O95622","109","false","interacts with","P08754 (interacts with) O95622","GNAI3","CA1;KEGG-MEDICUS;SignaLink3;TCRcuration_SignaLink3;Wang","ADCY5"
"1","0","1","interacts with","1","0","1","P17676 (interacts with) P16220","59","false","interacts with","P17676 (interacts with) P16220","CEBPB","HPRD;SIGNOR","CREB1"
"1","0","1","interacts with","1","0","1","Q13177 (interacts with) P05412","299","false","interacts with","Q13177 (interacts with) P05412","PAK2","MIMP;PhosphoSite_MIMP;PhosphoSite_ProtMapper;PhosphoSite_noref;ProtMapper;RLIMS-P_ProtMapper;SIGNOR;SIGNOR_ProtMapper;dbPTM;iPTMnet;phosphoELM_MIMP","JUN"
"1","1","0","interacts with","1","1","0","P08754 (interacts with) O43306","108","false","interacts with","P08754 (interacts with) O43306","GNAI3","KEGG-MEDICUS;SignaLink3;TCRcuration_SignaLink3;Wang","ADCY6"
"1","0","1","interacts with","1","0","1","Q13480 (interacts with) P42336","105","false","interacts with","Q13480 (interacts with) P42336","GAB1","Adhesome;CA1;CancerCellMap;KEGG-MEDICUS;NetPath;SIGNOR;Wang","PIK3CA"
"1","0","1","interacts with","1","0","1","P63000 (interacts with) Q16584","285","false","interacts with","P63000 (interacts with) Q16584","RAC1","ACSN;HPRD;NCI-PID_ProtMapper;ProtMapper;SignaLink3","MAP3K11"
"1","1","0","interacts with","1","1","0","P07585 (interacts with) P00533","81","false","interacts with","P07585 (interacts with) P00533","DCN","Baccin2019;BioGRID;CellTalkDB;Cellinker;EMBRACE;Fantom5_LRdb;HPRD;HPRD_LRdb;HPRD_talklr;LRdb;Lit-BM-17;Ramilowski2015;Ramilowski2015_Baccin2019;STRING_talklr;Wang;connectomeDB2020;iTALK;talklr","EGFR"
"1","0","1","interacts with","1","0","1","Q9UM73 (interacts with) Q92569","500","false","interacts with","Q9UM73 (interacts with) Q92569","ALK","SIGNOR","PIK3R3"
"1","0","1","interacts with","1","0","1","P00519 (interacts with) Q15139","197","false","interacts with","P00519 (interacts with) Q15139","ABL1","BEL-Large-Corpus_ProtMapper;HPRD;HPRD_KEA;HPRD_MIMP;KEA;KEGG-MEDICUS;Kinexus_KEA;Li2012;MIMP;PhosphoPoint;PhosphoSite;PhosphoSite_KEA;PhosphoSite_MIMP;PhosphoSite_ProtMapper;ProtMapper;REACH_ProtMapper;RLIMS-P_ProtMapper;SIGNOR;SIGNOR_ProtMapper;SPIKE;Sparser_ProtMapper;iPTMnet;phosphoELM;phosphoELM_KEA;phosphoELM_MIMP","PRKD1"
"1","1","0","interacts with","1","1","0","P53350 (interacts with) O14920","48","false","interacts with","P53350 (interacts with) O14920","PLK1","HPRD_MIMP;InnateDB;KEA;Kinexus_KEA;MIMP;PhosphoSite;PhosphoSite_MIMP;PhosphoSite_ProtMapper;PhosphoSite_noref;ProtMapper;SIGNOR;SIGNOR_ProtMapper;iPTMnet;phosphoELM_MIMP","IKBKB"
"1","1","0","interacts with","1","1","0","Q9H0H5 (interacts with) P63000","479","false","interacts with","Q9H0H5 (interacts with) P63000","RACGAP1","SIGNOR;Wang","RAC1"
"1","0","1","interacts with","1","0","1","P12931 (interacts with) P00519","194","false","interacts with","P12931 (interacts with) P00519","SRC","Adhesome;DOMINO;HPRD;HPRD-phos;HPRD_KEA;HPRD_MIMP;KEA;KEGG-MEDICUS;Lit-BM-17;MIMP;NCI-PID_ProtMapper;NetworKIN_KEA;PhosphoPoint;PhosphoSite_KEA;PhosphoSite_MIMP;PhosphoSite_noref;ProtMapper;REACH_ProtMapper;SIGNOR;SIGNOR_ProtMapper;SPIKE;Sparser_ProtMapper;Wang;dbPTM;iPTMnet;phosphoELM_KEA;phosphoELM_MIMP","ABL1"
"0","0","0","interacts with","1","0","0","Q9UM73 (interacts with) P62993","498","false","interacts with","Q9UM73 (interacts with) P62993","ALK","HPRD_MIMP;MIMP;PhosphoSite_MIMP;PhosphoSite_ProtMapper;ProtMapper;SIGNOR;SIGNOR_ProtMapper;iPTMnet","GRB2"
"1","0","1","interacts with","1","0","1","P14416 (interacts with) O14775","35","false","interacts with","P14416 (interacts with) O14775","DRD2","SIGNOR","GNB5"
"1","1","0","interacts with","1","1","0","P53350 (interacts with) P35568","475","false","interacts with","P53350 (interacts with) P35568","PLK1","HPRD_MIMP;KEA;Kinexus_KEA;MIMP;PhosphoSite_KEA;PhosphoSite_MIMP;PhosphoSite_ProtMapper;ProtMapper;SIGNOR;SIGNOR_ProtMapper;iPTMnet;phosphoELM;phosphoELM_KEA;phosphoELM_MIMP","IRS1"
"1","0","1","interacts with","1","0","1","P35462 (interacts with) P63096","442","false","interacts with","P35462 (interacts with) P63096","DRD3","HPRD;SIGNOR","GNAI1"
"1","0","1","interacts with","1","0","1","P08581 (interacts with) P19174","3","false","interacts with","P08581 (interacts with) P19174","MET","HPRD;Li2012;PhosphoPoint;Wang","PLCG1"
"1","0","1","interacts with","1","0","1","Q05655 (interacts with) P04049","288","false","interacts with","Q05655 (interacts with) P04049","PRKCD","HPRD;HPRD_MIMP;MIMP;PhosphoPoint;PhosphoSite_MIMP;Wang;phosphoELM_MIMP","RAF1"
"0","0","0","interacts with","1","0","0","P08581 (interacts with) P07585","81","false","interacts with","P08581 (interacts with) P07585","MET","CellCall;Cellinker","DCN"
"0","0","0","interacts with","1","0","0","P63096 (interacts with) O14775","114","false","interacts with","P63096 (interacts with) O14775","GNAI1","SignaLink3;TCRcuration_SignaLink3","GNB5"
"1","0","1","interacts with","1","0","1","P63096 (interacts with) P63000","117","false","interacts with","P63096 (interacts with) P63000","GNAI1","SIGNOR;Wang","RAC1"
"0","0","0","interacts with","1","0","0","P08069 (interacts with) P05019","236","false","interacts with","P08069 (interacts with) P05019","IGF1R","CellCall;DIP;HPMR;HPRD;IntAct;PhosphoPoint;Wang","IGF1"
"1","0","1","interacts with","1","0","1","P14416 (interacts with) P63096","316","false","interacts with","P14416 (interacts with) P63096","DRD2","SIGNOR;Wang","GNAI1"
"1","0","1","interacts with","1","0","1","P41595 (interacts with) P63096","466","false","interacts with","P41595 (interacts with) P63096","HTR2B","SIGNOR","GNAI1"
"1","0","1","interacts with","1","0","1","Q13480 (interacts with) P42338","106","false","interacts with","Q13480 (interacts with) P42338","GAB1","CancerCellMap;KEGG-MEDICUS;NetPath;Wang","PIK3CB"
"1","0","1","interacts with","1","0","1","P21728 (interacts with) P08754","322","false","interacts with","P21728 (interacts with) P08754","DRD1","CA1;SIGNOR;Wang","GNAI3"
"1","0","1","interacts with","1","0","1","P21728 (interacts with) P63092","38","false","interacts with","P21728 (interacts with) P63092","DRD1","CA1;KEGG-MEDICUS;Wang","GNAS"
"1","0","1","interacts with","1","0","1","P07900 (interacts with) Q13546","79","false","interacts with","P07900 (interacts with) Q13546","HSP90AA1","ACSN;CancerCellMap;HPRD;NetPath;Wang","RIPK1"
"1","0","1","interacts with","1","0","1","O60674 (interacts with) P04049","140","false","interacts with","O60674 (interacts with) P04049","JAK2","HPRD;HPRD-phos;HPRD_KEA;HPRD_MIMP;KEA;MIMP;PhosphoPoint;PhosphoSite_KEA;PhosphoSite_MIMP;ProtMapper;Reactome_ProtMapper;SIGNOR;SIGNOR_ProtMapper;Wang;iPTMnet;phosphoELM_MIMP","RAF1"
"1","0","1","interacts with","1","0","1","P41595 (interacts with) P08754","460","false","interacts with","P41595 (interacts with) P08754","HTR2B","SIGNOR","GNAI3"
"1","0","1","interacts with","1","0","1","P41595 (interacts with) P50148","47","false","interacts with","P41595 (interacts with) P50148","HTR2B","HPRD;SIGNOR;Wang","GNAQ"
"1","0","1","interacts with","1","0","1","P53350 (interacts with) Q3KR16","477","false","interacts with","P53350 (interacts with) Q3KR16","PLK1","MIMP;PhosphoSite;PhosphoSite_MIMP;PhosphoSite_ProtMapper;ProtMapper;REACH_ProtMapper;RLIMS-P_ProtMapper;SIGNOR;SIGNOR_ProtMapper;Sparser_ProtMapper;Wang;iPTMnet","PLEKHG6"
"1","0","1","interacts with","1","0","1","P01112 (interacts with) P42336","214","false","interacts with","P01112 (interacts with) P42336","HRAS","ACSN;Adhesome;BioGRID;HPRD;InnateDB;KEGG-MEDICUS;Lit-BM-17;NetPath;SIGNOR;Wang","PIK3CA"
"1","0","1","interacts with","1","0","1","P04626 (interacts with) P19174","70","false","interacts with","P04626 (interacts with) P19174","ERBB2","BioGRID;DOMINO;HPRD;Lit-BM-17;PhosphoPoint;SIGNOR;SignaLink3;Wang","PLCG1"
"1","0","1","interacts with","1","0","1","P01112 (interacts with) O00329","211","false","interacts with","P01112 (interacts with) O00329","HRAS","ACSN;HPRD;InnateDB;KEGG-MEDICUS;NetPath;SIGNOR;Wang","PIK3CD"
"1","0","1","interacts with","1","0","1","P01112 (interacts with) P42338","215","false","interacts with","P01112 (interacts with) P42338","HRAS","ACSN;KEGG-MEDICUS;SIGNOR;Wang","PIK3CB"
"0","0","0","interacts with","1","1","1","P22681 (interacts with) P00533","99","false","interacts with","P22681 (interacts with) P00533","CBL","ACSN;BioGRID;CancerCellMap;HPRD;IntAct;LMPID;Lit-BM-17;NetPath;ProtMapper;REACH_ProtMapper;RLIMS-P_ProtMapper;SIGNOR;SignaLink3;Wang","EGFR"
"1","0","1","interacts with","1","0","1","P17252 (interacts with) P06730","241","false","interacts with","P17252 (interacts with) P06730","PRKCA","CA1;HPRD;HPRD-phos;HPRD_KEA;HPRD_MIMP;KEA;Kinexus_KEA;MIMP;NetworKIN_KEA;PhosphoPoint;PhosphoSite_KEA;PhosphoSite_MIMP;ProtMapper;SIGNOR;SIGNOR_ProtMapper;Wang;iPTMnet;phosphoELM_KEA;phosphoELM_MIMP","EIF4E"
"1","0","1","interacts with","1","0","1","P31749 (interacts with) P16220","260","false","interacts with","P31749 (interacts with) P16220","AKT1","ACSN;HPRD;HPRD_KEA;HPRD_MIMP;KEA;MIMP;NetPath;PhosphoPoint;PhosphoSite_KEA;PhosphoSite_MIMP;ProtMapper;Reactome_ProtMapper;SIGNOR;SIGNOR_ProtMapper;SPIKE;Wang;iPTMnet;phosphoELM_MIMP","CREB1"
"1","0","1","interacts with","1","0","1","P35568 (interacts with) P42338","476","false","interacts with","P35568 (interacts with) P42338","IRS1","ACSN;SIGNOR;Wang","PIK3CB"
"1","0","1","interacts with","1","0","1","P63092 (interacts with) P40145","331","false","interacts with","P63092 (interacts with) P40145","GNAS","ACSN;CellTalkDB;EMBRACE;Fantom5_LRdb;KEGG-MEDICUS;LRdb;STRING_talklr;Wang;iTALK;talklr","ADCY8"
"1","0","1","interacts with","1","0","1","P28223 (interacts with) P50148","42","false","interacts with","P28223 (interacts with) P50148","HTR2A","CA1;HPRD;SIGNOR;Wang","GNAQ"
"1","0","1","interacts with","1","0","1","Q5JWF2 (interacts with) P40145","340","false","interacts with","Q5JWF2 (interacts with) P40145","GNAS","ACSN;CellTalkDB;EMBRACE;Fantom5_LRdb;KEGG-MEDICUS;LRdb;STRING_talklr;Wang;iTALK;talklr","ADCY8"
"1","0","1","interacts with","1","0","1","P10721 (interacts with) Q06124","11","false","interacts with","P10721 (interacts with) Q06124","KIT","BioGRID;HPRD;LMPID;Lit-BM-17;NetPath;PhosphoPoint;SIGNOR;Wang","PTPN11"
"1","0","1","interacts with","1","0","1","P08581 (interacts with) P62993","101","false","interacts with","P08581 (interacts with) P62993","MET","BioGRID;ELM;HPRD;KEGG-MEDICUS;LMPID;Li2012;PhosphoPoint;SIGNOR;Wang","GRB2"
"1","0","1","interacts with","1","0","1","P10721 (interacts with) COMPLEX:P27986_P42336","135","false","interacts with","P10721 (interacts with) COMPLEX:P27986_P42336","KIT","SIGNOR","PIK3CA_PIK3R1"
"1","0","1","interacts with","1","0","1","P11229 (interacts with) P29992","12","false","interacts with","P11229 (interacts with) P29992","CHRM1","CA1;Wang","GNA11"
"1","0","1","interacts with","1","1","1","P12931 (interacts with) P20936","253","false","interacts with","P12931 (interacts with) P20936","SRC","Adhesome;BioGRID;HPRD;PhosphoPoint;SIGNOR;SignaLink3;Wang","RASA1"
"1","0","1","interacts with","1","0","1","P07900 (interacts with) P10275","75","false","interacts with","P07900 (interacts with) P10275","HSP90AA1","BioGRID;HPRD;Lit-BM-17;SIGNOR;Wang","AR"
"1","0","1","interacts with","1","0","1","P10721 (interacts with) O60674","8","false","interacts with","P10721 (interacts with) O60674","KIT","CancerCellMap;HPRD;NetPath;SIGNOR;Wang","JAK2"
"1","0","1","interacts with","1","0","1","P11229 (interacts with) P50148","13","false","interacts with","P11229 (interacts with) P50148","CHRM1","CA1;KEGG-MEDICUS;SIGNOR;Wang","GNAQ"
"1","0","1","interacts with","1","0","1","P60953 (interacts with) P45983","277","false","interacts with","P60953 (interacts with) P45983","CDC42","Lit-BM-17;NCI-PID_ProtMapper;ProtMapper;Wang","MAPK8"
"1","0","1","interacts with","1","0","1","P07900 (interacts with) P29474","2","false","interacts with","P07900 (interacts with) P29474","HSP90AA1","BioGRID;HPRD;Lit-BM-17;SIGNOR;Wang","NOS3"
"1","1","0","interacts with","1","1","1","P20936 (interacts with) P01112","254","false","interacts with","P20936 (interacts with) P01112","RASA1","ACSN;Adhesome;BioGRID;HPRD;Lit-BM-17;SIGNOR;SignaLink3;Wang","HRAS"
"1","0","1","interacts with","1","0","1","P01116 (interacts with) P42338","222","false","interacts with","P01116 (interacts with) P42338","KRAS","KEGG-MEDICUS;SIGNOR;Wang","PIK3CB"
"1","0","1","interacts with","1","0","1","P00519 (interacts with) O60674","194","false","interacts with","P00519 (interacts with) O60674","ABL1","HPRD;HPRD-phos;HPRD_KEA;HPRD_MIMP;KEA;MIMP;PhosphoPoint;PhosphoSite_KEA;PhosphoSite_MIMP;ProtMapper;REACH_ProtMapper;RLIMS-P_ProtMapper;SIGNOR;SIGNOR_ProtMapper;SPIKE;Sparser_ProtMapper;iPTMnet;phosphoELM_KEA;phosphoELM_MIMP","JAK2"
"1","0","1","interacts with","1","0","1","P01112 (interacts with) P04049","212","false","interacts with","P01112 (interacts with) P04049","HRAS","BioGRID;CancerCellMap;DIP;DOMINO;HPRD;InnateDB;InnateDB_SignaLink3;IntAct;KEGG-MEDICUS;Lit-BM-17;NCI-PID_ProtMapper;NetPath;ProtMapper;SIGNOR;SignaLink3;Wang","RAF1"
"1","0","1","interacts with","1","0","1","P14416 (interacts with) P08754","313","false","interacts with","P14416 (interacts with) P08754","DRD2","CA1;HPRD;SIGNOR;Wang","GNAI3"
"1","1","0","interacts with","1","1","0","Q13315 (interacts with) P16220","485","false","interacts with","Q13315 (interacts with) P16220","ATM","BEL-Large-Corpus_ProtMapper;HPRD;HPRD_KEA;HPRD_MIMP;KEA;MIMP;PhosphoPoint;PhosphoSite_KEA;PhosphoSite_MIMP;PhosphoSite_ProtMapper;PhosphoSite_noref;ProtMapper;SIGNOR;SIGNOR_ProtMapper;SPIKE;Sparser_ProtMapper;Wang;iPTMnet;phosphoELM;phosphoELM_KEA;phosphoELM_MIMP","CREB1"
"0","0","0","interacts with","1","1","1","P19174 (interacts with) P17612","94","false","interacts with","P19174 (interacts with) P17612","PLCG1","Adhesome","PRKACA"
"1","1","0","interacts with","1","1","0","Q05655 (interacts with) P07550","289","false","interacts with","Q05655 (interacts with) P07550","PRKCD","HPRD;HPRD-phos;HPRD_KEA;HPRD_MIMP;KEA;MIMP;PhosphoPoint;PhosphoSite_KEA;PhosphoSite_MIMP;ProtMapper;SIGNOR;SIGNOR_ProtMapper;iPTMnet;phosphoELM_MIMP","ADRB2"
"1","0","1","interacts with","1","0","1","P31749 (interacts with) P29474","262","false","interacts with","P31749 (interacts with) P29474","AKT1","ACSN;BioGRID;HPRD;HPRD-phos;HPRD_KEA;HPRD_MIMP;KEA;Lit-BM-17;MIMP;NCI-PID_ProtMapper;NetworKIN_KEA;PhosphoPoint;PhosphoSite_KEA;PhosphoSite_MIMP;PhosphoSite_ProtMapper;ProtMapper;REACH_ProtMapper;RLIMS-P_ProtMapper;SIGNOR;SIGNOR_ProtMapper;SPIKE;Sparser_ProtMapper;Wang;iPTMnet;phosphoELM_MIMP","NOS3"
"1","0","1","interacts with","1","0","1","P08069 (interacts with) O15530","235","false","interacts with","P08069 (interacts with) O15530","IGF1R","HPRD_MIMP;KEA;MIMP;NetworKIN_KEA;PhosphoSite;PhosphoSite_MIMP;PhosphoSite_ProtMapper;ProtMapper;SIGNOR;SIGNOR_ProtMapper;iPTMnet;phosphoELM_MIMP","PDPK1"
"1","0","1","interacts with","1","0","1","P01100 (interacts with) P05412","210","false","interacts with","P01100 (interacts with) P05412","FOS","BioGRID;CancerCellMap;DIP;HPRD;InnateDB;IntAct;Lit-BM-17;Macrophage;NetPath;SIGNOR;Wang","JUN"
"1","0","1","interacts with","1","0","1","P00533 (interacts with) Q05397","133","false","interacts with","P00533 (interacts with) Q05397","EGFR","ACSN;BEL-Large-Corpus_ProtMapper;HPRD;IntAct;Lit-BM-17;MIMP;NetPath;PhosphoPoint;PhosphoSite;PhosphoSite_MIMP;PhosphoSite_ProtMapper;ProtMapper;SIGNOR;SIGNOR_ProtMapper;Sparser_ProtMapper;Wang;iPTMnet","PTK2"
"1","1","0","interacts with","1","1","0","Q05655 (interacts with) P00533","287","false","interacts with","Q05655 (interacts with) P00533","PRKCD","ACSN;HPRD;HPRD-phos;HPRD_KEA;HPRD_MIMP;KEA;MIMP;NetPath;PhosphoPoint;PhosphoSite_KEA;PhosphoSite_MIMP;ProtMapper;SIGNOR;SIGNOR_ProtMapper;iPTMnet;phosphoELM_MIMP","EGFR"
"1","0","1","interacts with","1","0","1","O15530 (interacts with) Q02156","188","false","interacts with","O15530 (interacts with) Q02156","PDPK1","HPRD;HPRD-phos;HPRD_KEA;KEA;PhosphoPoint;PhosphoSite_KEA;PhosphoSite_ProtMapper;ProtMapper;SIGNOR;SIGNOR_ProtMapper;Wang;dbPTM;iPTMnet;phosphoELM","PRKCE"
"1","0","1","interacts with","1","0","1","P11229 (interacts with) P08754","167","false","interacts with","P11229 (interacts with) P08754","CHRM1","SIGNOR","GNAI3"
"1","0","1","interacts with","1","0","1","O15530 (interacts with) Q02750","189","false","interacts with","O15530 (interacts with) Q02750","PDPK1","KEA;PhosphoSite_KEA;PhosphoSite_ProtMapper;ProtMapper;REACH_ProtMapper;RLIMS-P_ProtMapper;SIGNOR;SIGNOR_ProtMapper;iPTMnet;phosphoELM","MAP2K1"
"1","0","1","interacts with","1","1","1","P31749 (interacts with) P49841","265","false","interacts with","P31749 (interacts with) P49841","AKT1","ACSN;BioGRID;DIP;HPRD;HPRD-phos;HPRD_KEA;HPRD_MIMP;InnateDB;InnateDB_SignaLink3;IntAct;KEA;KEGG-MEDICUS;MIMP;Macrophage;NCI-PID_ProtMapper;NetPath;PhosphoPoint;PhosphoSite_KEA;PhosphoSite_MIMP;PhosphoSite_ProtMapper;ProtMapper;RLIMS-P_ProtMapper;Reactome_ProtMapper;SIGNOR;SIGNOR_ProtMapper;SPIKE;SignaLink3;Sparser_ProtMapper;TCRcuration_SignaLink3;Wang;dbPTM;iPTMnet;phosphoELM_MIMP","GSK3B"
"1","0","1","interacts with","1","0","1","P01116 (interacts with) O00329","219","false","interacts with","P01116 (interacts with) O00329","KRAS","KEGG-MEDICUS;SIGNOR;Wang","PIK3CD"
"1","0","1","interacts with","1","0","1","P00533 (interacts with) P42224","132","false","interacts with","P00533 (interacts with) P42224","EGFR","ACSN;CancerCellMap;HPRD;HPRD-phos;HPRD_KEA;HPRD_MIMP;InnateDB;IntAct;KEA;Li2012;Lit-BM-17;MIMP;NetPath;PhosphoPoint;PhosphoSite_KEA;PhosphoSite_MIMP;ProtMapper;REACH_ProtMapper;RLIMS-P_ProtMapper;SIGNOR;Sparser_ProtMapper;Wang;iPTMnet;phosphoELM_KEA;phosphoELM_MIMP","STAT1"
"1","0","1","interacts with","1","0","1","P29992 (interacts with) Q9NQ66","170","false","interacts with","P29992 (interacts with) Q9NQ66","GNA11","CA1;KEGG-MEDICUS;SIGNOR;Wang","PLCB1"
"1","0","1","interacts with","1","0","1","P01116 (interacts with) P48736","223","false","interacts with","P01116 (interacts with) P48736","KRAS","HPRD;SIGNOR;Wang","PIK3CG"
"1","0","1","interacts with","1","0","1","O15530 (interacts with) P36507","187","false","interacts with","O15530 (interacts with) P36507","PDPK1","KEA;PhosphoSite_KEA;PhosphoSite_ProtMapper;PhosphoSite_noref;ProtMapper;RLIMS-P_ProtMapper;SIGNOR;SIGNOR_ProtMapper;iPTMnet;phosphoELM","MAP2K2"
"1","0","1","interacts with","1","0","1","P01116 (interacts with) Q13233","224","false","interacts with","P01116 (interacts with) Q13233","KRAS","KEGG-MEDICUS;ProtMapper;SIGNOR;SIGNOR_ProtMapper;SignaLink3;iPTMnet","MAP3K1"
"0","0","0","interacts with","1","0","1","O15530 (interacts with) Q04759","190","false","interacts with","O15530 (interacts with) Q04759","PDPK1","PhosphoPoint;ProtMapper;REACH_ProtMapper;Reactome_ProtMapper;SIGNOR;Wang","PRKCQ"
"1","0","1","interacts with","1","0","1","P00519 (interacts with) P00533","195","false","interacts with","P00519 (interacts with) P00533","ABL1","BEL-Large-Corpus_ProtMapper;BioGRID;DOMINO;HPRD_MIMP;IntAct;KEA;Kinexus_KEA;Li2012;Lit-BM-17;MIMP;PhosphoPoint;PhosphoSite;PhosphoSite_MIMP;PhosphoSite_ProtMapper;ProtMapper;RLIMS-P_ProtMapper;SIGNOR;SIGNOR_ProtMapper;SPIKE;Sparser_ProtMapper;Wang;iPTMnet;phosphoELM_MIMP","EGFR"
"1","0","1","interacts with","1","0","1","P04049 (interacts with) Q02750","227","false","interacts with","P04049 (interacts with) Q02750","RAF1","ACSN;BEL-Large-Corpus_ProtMapper;CancerCellMap;DIP;HPRD;HPRD-phos;HPRD_KEA;HPRD_MIMP;IntAct;KEA;KEGG-MEDICUS;Lit-BM-17;MIMP;NCI-PID_ProtMapper;NetPath;PhosphoNetworks;PhosphoPoint;PhosphoSite_KEA;PhosphoSite_MIMP;PhosphoSite_ProtMapper;ProtMapper;REACH_ProtMapper;RLIMS-P_ProtMapper;SIGNOR;SIGNOR_ProtMapper;SPIKE;SignaLink3;Sparser_ProtMapper;Wang;dbPTM;iPTMnet;phosphoELM;phosphoELM_KEA;phosphoELM_MIMP","MAP2K1"
"1","0","1","interacts with","1","0","1","O15530 (interacts with) Q05655","192","false","interacts with","O15530 (interacts with) Q05655","PDPK1","HPRD;HPRD-phos;HPRD_KEA;KEA;Lit-BM-17;PhosphoPoint;PhosphoSite;PhosphoSite_KEA;ProtMapper;Reactome_ProtMapper;SIGNOR;SIGNOR_ProtMapper;Sparser_ProtMapper;Wang;iPTMnet;phosphoELM","PRKCD"
"1","0","1","interacts with","1","0","1","O15530 (interacts with) Q05513","191","false","interacts with","O15530 (interacts with) Q05513","PDPK1","ELM;HPRD;HPRD-phos;HPRD_KEA;InnateDB;KEA;LMPID;Lit-BM-17;NCI-PID_ProtMapper;PhosphoPoint;PhosphoSite;PhosphoSite_KEA;PhosphoSite_ProtMapper;ProtMapper;Reactome_ProtMapper;SIGNOR;SIGNOR_ProtMapper;Wang;dbPTM;iPTMnet;phosphoELM","PRKCZ"
"1","1","0","interacts with","1","1","0","P31749 (interacts with) P04049","258","false","interacts with","P31749 (interacts with) P04049","AKT1","CA1;CancerCellMap;ELM;HPRD;HPRD-phos;HPRD_KEA;HPRD_MIMP;InnateDB;KEA;Lit-BM-17;MIMP;NCI-PID_ProtMapper;NetworKIN_KEA;PhosphoPoint;PhosphoSite_KEA;PhosphoSite_MIMP;ProtMapper;REACH_ProtMapper;SIGNOR;SIGNOR_ProtMapper;SPIKE;Sparser_ProtMapper;Wang;iPTMnet;phosphoELM_MIMP","RAF1"
"1","0","1","interacts with","1","0","1","P42336 (interacts with) Q05397","152","false","interacts with","P42336 (interacts with) Q05397","PIK3CA","Adhesome;Wang","PTK2"
"1","0","1","interacts with","1","0","1","P07900 (interacts with) P53041","78","false","interacts with","P07900 (interacts with) P53041","HSP90AA1","BioGRID;HPRD;IntAct;SIGNOR","PPP5C"
"1","0","1","interacts with","1","0","1","P06239 (interacts with) Q04759","56","false","interacts with","P06239 (interacts with) Q04759","LCK","HPRD;HPRD-phos;HPRD_KEA;HPRD_MIMP;KEA;Kinexus_KEA;MIMP;PhosphoPoint;PhosphoSite;PhosphoSite_KEA;PhosphoSite_MIMP;PhosphoSite_ProtMapper;ProtMapper;REACH_ProtMapper;RLIMS-P_ProtMapper;SIGNOR;SIGNOR_ProtMapper;Wang;dbPTM;iPTMnet;phosphoELM;phosphoELM_KEA;phosphoELM_MIMP","PRKCQ"
"1","1","0","interacts with","1","1","1","P31749 (interacts with) Q12778","268","false","interacts with","P31749 (interacts with) Q12778","AKT1","ACSN;BEL-Large-Corpus_ProtMapper;BioGRID;CA1;CancerCellMap;DIP;HPRD;HPRD-phos;HPRD_KEA;HPRD_MIMP;InnateDB;InnateDB_SignaLink3;KEA;Lit-BM-17;MIMP;NCI-PID_ProtMapper;NetworKIN_KEA;PhosphoPoint;PhosphoSite;PhosphoSite_KEA;PhosphoSite_MIMP;PhosphoSite_ProtMapper;ProtMapper;REACH_ProtMapper;RLIMS-P_ProtMapper;Reactome_ProtMapper;SIGNOR;SIGNOR_ProtMapper;SPIKE;SignaLink3;Wang;dbPTM;iPTMnet;phosphoELM_MIMP","FOXO1"
"1","1","0","interacts with","1","1","0","P56524 (interacts with) Q14814","482","false","interacts with","P56524 (interacts with) Q14814","HDAC4","HPRD;SIGNOR","MEF2D"
"1","0","1","interacts with","1","0","1","Q05397 (interacts with) P42336","103","false","interacts with","Q05397 (interacts with) P42336","PTK2","Adhesome;Wang","PIK3CA"
"1","0","1","interacts with","1","0","1","Q5JWF2 (interacts with) Q08462","341","false","interacts with","Q5JWF2 (interacts with) Q08462","GNAS","ACSN;HPRD;KEGG-MEDICUS;Wang","ADCY2"
"1","0","1","interacts with","1","0","1","P08913 (interacts with) P63096","121","false","interacts with","P08913 (interacts with) P63096","ADRA2A","HPRD;SIGNOR","GNAI1"
"1","0","1","interacts with","1","0","1","Q05655 (interacts with) P40763","293","false","interacts with","Q05655 (interacts with) P40763","PRKCD","HPRD;HPRD-phos;HPRD_KEA;HPRD_MIMP;KEA;MIMP;NCI-PID_ProtMapper;NetPath;PhosphoPoint;PhosphoSite_KEA;PhosphoSite_MIMP;PhosphoSite_ProtMapper;ProtMapper;RLIMS-P_ProtMapper;SIGNOR;SIGNOR_ProtMapper;Sparser_ProtMapper;Wang;iPTMnet;phosphoELM;phosphoELM_MIMP","STAT3"
"1","0","1","interacts with","1","0","1","Q05655 (interacts with) P40189","292","false","interacts with","Q05655 (interacts with) P40189","PRKCD","HPRD;HPRD-phos;HPRD_KEA;HPRD_MIMP;KEA;MIMP;NetPath;PhosphoPoint;PhosphoSite;PhosphoSite_KEA;PhosphoSite_MIMP;PhosphoSite_ProtMapper;ProtMapper;SIGNOR;SIGNOR_ProtMapper;Wang;iPTMnet;phosphoELM;phosphoELM_KEA;phosphoELM_MIMP","IL6ST"
"1","0","1","interacts with","1","0","1","P50148 (interacts with) P61586","112","false","interacts with","P50148 (interacts with) P61586","GNAQ","SIGNOR","RHOA"
"1","0","1","interacts with","1","1","1","Q06124 (interacts with) P42224","164","false","interacts with","Q06124 (interacts with) P42224","PTPN11","DEPOD;HPRD;HPRD-phos;InnateDB;ProtMapper;Reactome_ProtMapper;SIGNOR;SIGNOR_ProtMapper;SignaLink3;Wang","STAT1"
"0","0","0","interacts with","1","0","1","P06239 (interacts with) P27361","55","false","interacts with","P06239 (interacts with) P27361","LCK","HPRD;ProtMapper;SIGNOR;SIGNOR_ProtMapper;iPTMnet","MAPK3"
"1","1","0","interacts with","1","1","1","P06239 (interacts with) P25963","54","false","interacts with","P06239 (interacts with) P25963","LCK","HPRD;HPRD-phos;HPRD_KEA;HPRD_MIMP;KEA;MIMP;NCI-PID_ProtMapper;NetworKIN_KEA;PhosphoNetworks;PhosphoPoint;PhosphoSite_KEA;PhosphoSite_MIMP;PhosphoSite_ProtMapper;ProtMapper;SIGNOR;SIGNOR_ProtMapper;Wang;iPTMnet;phosphoELM;phosphoELM_KEA;phosphoELM_MIMP","NFKBIA"
"1","0","1","interacts with","1","1","1","P28562 (interacts with) P45983","62","false","interacts with","P28562 (interacts with) P45983","DUSP1","CA1;DEPOD;HPRD;InnateDB;Lit-BM-17;Macrophage;SIGNOR;SignaLink3;Wang","MAPK8"
"0","0","0","interacts with","1","0","1","Q13546 (interacts with) O43318","79","false","interacts with","Q13546 (interacts with) O43318","RIPK1","InnateDB;SIGNOR;Wang","MAP3K7"
"1","0","1","interacts with","1","0","1","Q5JWF2 (interacts with) O43306","338","false","interacts with","Q5JWF2 (interacts with) O43306","GNAS","ACSN;HPRD;KEGG-MEDICUS;Wang","ADCY6"
"1","0","1","interacts with","1","0","1","Q13315 (interacts with) O94916","483","false","interacts with","Q13315 (interacts with) O94916","ATM","KEA;MIMP;PhosphoPoint;PhosphoSite;PhosphoSite_KEA;PhosphoSite_MIMP;PhosphoSite_ProtMapper;PhosphoSite_noref;ProtMapper;RLIMS-P_ProtMapper;SIGNOR;SIGNOR_ProtMapper;Wang;iPTMnet;phosphoELM;phosphoELM_KEA;phosphoELM_MIMP","NFAT5"
"1","0","1","interacts with","1","0","1","P28223 (interacts with) P29992","41","false","interacts with","P28223 (interacts with) P29992","HTR2A","HPRD;Wang","GNA11"
"1","0","1","interacts with","1","0","1","P08069 (interacts with) O00443","234","false","interacts with","P08069 (interacts with) O00443","IGF1R","SIGNOR","PIK3C2A"
"1","1","0","interacts with","1","1","0","P24941 (interacts with) P98177","65","false","interacts with","P24941 (interacts with) P98177","CDK2","SIGNOR","FOXO4"
"1","0","1","interacts with","1","0","1","P63092 (interacts with) O43306","329","false","interacts with","P63092 (interacts with) O43306","GNAS","ACSN;HPRD;KEGG-MEDICUS;Wang","ADCY6"
"1","0","1","interacts with","1","0","1","O15530 (interacts with) Q9Y243","193","false","interacts with","O15530 (interacts with) Q9Y243","PDPK1","ACSN;HPRD;HPRD-phos;HPRD_KEA;KEA;NCI-PID_ProtMapper;PhosphoPoint;PhosphoSite;PhosphoSite_KEA;PhosphoSite_ProtMapper;ProtMapper;SIGNOR;SIGNOR_ProtMapper;Wang;dbPTM;iPTMnet;phosphoELM","AKT3"
"0","0","0","interacts with","1","1","1","Q13480 (interacts with) Q06124","107","false","interacts with","Q13480 (interacts with) Q06124","GAB1","Adhesome;BioGRID;CancerCellMap;DOMINO;HPRD;InnateDB;InnateDB_SignaLink3;IntAct;Lit-BM-17;NetPath;SignaLink3;Wang","PTPN11"
"0","0","0","interacts with","1","0","0","P12931 (interacts with) P09769","238","false","interacts with","P12931 (interacts with) P09769","SRC","HPRD;SIGNOR;dbPTM","FGR"
"1","0","1","interacts with","1","0","1","Q92569 (interacts with) P42336","500","false","interacts with","Q92569 (interacts with) P42336","PIK3R3","HPRD;IntAct;Lit-BM-17;NetPath;SIGNOR;Wang","PIK3CA"
"1","1","0","interacts with","1","1","0","P31749 (interacts with) P07550","259","false","interacts with","P31749 (interacts with) P07550","AKT1","HPRD_MIMP;KEA;Kinexus_KEA;MIMP;PhosphoSite;PhosphoSite_MIMP;PhosphoSite_ProtMapper;ProtMapper;SIGNOR;SIGNOR_ProtMapper;iPTMnet;phosphoELM_MIMP","ADRB2"
"1","1","0","interacts with","1","1","0","Q05655 (interacts with) Q9UQL6","297","false","interacts with","Q05655 (interacts with) Q9UQL6","PRKCD","HPRD_MIMP;MIMP;PhosphoSite_MIMP;PhosphoSite_ProtMapper;ProtMapper;REACH_ProtMapper;SIGNOR;phosphoELM_MIMP","HDAC5"
"0","0","0","interacts with","1","0","1","P06401 (interacts with) P24941","65","false","interacts with","P06401 (interacts with) P24941","PGR","Lit-BM-17;SIGNOR;Wang","CDK2"
"1","0","1","interacts with","1","0","1","P01112 (interacts with) P48736","217","false","interacts with","P01112 (interacts with) P48736","HRAS","ACSN;HPRD;InnateDB;SIGNOR;Wang","PIK3CG"
"1","0","1","interacts with","1","0","1","P01112 (interacts with) P05412","213","false","interacts with","P01112 (interacts with) P05412","HRAS","ProtMapper;SIGNOR;SIGNOR_ProtMapper;Wang","JUN"
"1","0","1","interacts with","1","0","1","Q5JWF2 (interacts with) O95622","339","false","interacts with","Q5JWF2 (interacts with) O95622","GNAS","ACSN;HPRD;KEGG-MEDICUS;Wang","ADCY5"
"1","0","1","interacts with","1","0","1","Q13546 (interacts with) Q13233","80","false","interacts with","Q13546 (interacts with) Q13233","RIPK1","NetPath;ProtMapper;SIGNOR;SIGNOR_ProtMapper;Wang;iPTMnet","MAP3K1"
"1","0","1","interacts with","1","0","1","P35462 (interacts with) O14775","46","false","interacts with","P35462 (interacts with) O14775","DRD3","SIGNOR","GNB5"
"1","0","1","interacts with","1","0","1","P01112 (interacts with) Q13233","218","false","interacts with","P01112 (interacts with) Q13233","HRAS","KEGG-MEDICUS;NetPath;Wang","MAP3K1"
"1","0","1","interacts with","1","0","1","P17252 (interacts with) P28482","245","false","interacts with","P17252 (interacts with) P28482","PRKCA","NCI-PID_ProtMapper;ProtMapper;SPIKE;Wang","MAPK1"
"1","0","1","interacts with","1","0","1","Q13480 (interacts with) O00329","104","false","interacts with","Q13480 (interacts with) O00329","GAB1","KEGG-MEDICUS;NetPath;Wang","PIK3CD"
"0","0","0","interacts with","1","0","1","P19174 (interacts with) P17252","93","false","interacts with","P19174 (interacts with) P17252","PLCG1","Adhesome;SIGNOR;Wang","PRKCA"
"1","0","1","interacts with","1","1","1","P17252 (interacts with) P19174","244","false","interacts with","P17252 (interacts with) P19174","PRKCA","Adhesome;HPRD_MIMP;KEA;MIMP;PhosphoSite_KEA;PhosphoSite_MIMP;PhosphoSite_ProtMapper;ProtMapper;SIGNOR;SIGNOR_ProtMapper;Wang;iPTMnet;phosphoELM;phosphoELM_KEA;phosphoELM_MIMP","PLCG1"
"1","0","1","interacts with","1","0","1","Q96GD4 (interacts with) Q9H0H5","488","false","interacts with","Q96GD4 (interacts with) Q9H0H5","AURKB","BioGRID;HPRD;HPRD-phos;HPRD_KEA;HPRD_MIMP;KEA;MIMP;PhosphoNetworks;PhosphoPoint;PhosphoSite;PhosphoSite_KEA;PhosphoSite_MIMP;PhosphoSite_ProtMapper;ProtMapper;SIGNOR;SIGNOR_ProtMapper;SPIKE;Sparser_ProtMapper;Wang;dbPTM;iPTMnet;phosphoELM;phosphoELM_KEA;phosphoELM_MIMP","RACGAP1"
"1","0","1","interacts with","1","0","1","P63000 (interacts with) Q13233","284","false","interacts with","P63000 (interacts with) Q13233","RAC1","NCI-PID_ProtMapper;NetPath;ProtMapper;Wang","MAP3K1"
"1","0","1","interacts with","1","0","1","P10721 (interacts with) P42336","10","false","interacts with","P10721 (interacts with) P42336","KIT","ACSN;KEGG-MEDICUS;NetPath;Wang","PIK3CA"
"1","0","1","interacts with","1","0","1","P01116 (interacts with) P42336","221","false","interacts with","P01116 (interacts with) P42336","KRAS","KEGG-MEDICUS;SIGNOR;Wang","PIK3CA"
"1","1","0","interacts with","1","1","0","Q06124 (interacts with) Q05397","166","false","interacts with","Q06124 (interacts with) Q05397","PTPN11","Adhesome;HPRD;KEA;Kinexus_KEA;ProtMapper;SIGNOR;SIGNOR_ProtMapper;Sparser_ProtMapper;Wang","PTK2"
"1","0","1","interacts with","1","0","1","P06239 (interacts with) Q05655","57","false","interacts with","P06239 (interacts with) Q05655","LCK","HPRD;HPRD-phos;HPRD_KEA;HPRD_MIMP;KEA;Kinexus_KEA;MIMP;NCI-PID_ProtMapper;PhosphoPoint;PhosphoSite_KEA;PhosphoSite_MIMP;ProtMapper;RLIMS-P_ProtMapper;SIGNOR;SIGNOR_ProtMapper;iPTMnet;phosphoELM_KEA;phosphoELM_MIMP","PRKCD"
"1","0","1","interacts with","1","0","1","P42336 (interacts with) Q05655","154","false","interacts with","P42336 (interacts with) Q05655","PIK3CA","HPRD;KEGG-MEDICUS;Wang","PRKCD"
"1","0","1","interacts with","1","0","1","P08069 (interacts with) P23458","237","false","interacts with","P08069 (interacts with) P23458","IGF1R","HPRD;PhosphoPoint","JAK1"
"1","1","0","interacts with","1","1","0","P56524 (interacts with) Q06413","481","false","interacts with","P56524 (interacts with) Q06413","HDAC4","BioGRID;HPRD;HuRI;Lit-BM-17;SIGNOR;Wang","MEF2C"
"0","0","0","interacts with","1","0","1","P08581 (interacts with) P12931","83","false","interacts with","P08581 (interacts with) P12931","MET","BioGRID;HPRD;IntAct;Li2012;Lit-BM-17;PhosphoPoint;Wang","SRC"
"1","0","1","interacts with","1","0","1","P12931 (interacts with) P00533","16","false","interacts with","P12931 (interacts with) P00533","SRC","BEL-Large-Corpus_ProtMapper;BioGRID;CancerCellMap;HPRD;HPRD-phos;HPRD_KEA;HPRD_MIMP;InnateDB;IntAct;KEA;Kinexus_KEA;Li2012;Lit-BM-17;MIMP;NCI-PID_ProtMapper;NetPath;NetworKIN_KEA;PhosphoPoint;PhosphoSite;PhosphoSite_KEA;PhosphoSite_MIMP;PhosphoSite_ProtMapper;PhosphoSite_noref;ProtMapper;REACH_ProtMapper;RLIMS-P_ProtMapper;Reactome_ProtMapper;SIGNOR;SIGNOR_ProtMapper;SPIKE;Sparser_ProtMapper;Wang;iPTMnet;phosphoELM;phosphoELM_KEA;phosphoELM_MIMP","EGFR"
"1","0","1","interacts with","1","0","1","P12931 (interacts with) P01100","17","false","interacts with","P12931 (interacts with) P01100","SRC","PhosphoSite;PhosphoSite_noref","FOS"
"1","0","1","interacts with","1","0","1","P42336 (interacts with) P63000","151","false","interacts with","P42336 (interacts with) P63000","PIK3CA","Adhesome;Wang","RAC1"
"1","0","1","interacts with","1","0","1","P08913 (interacts with) P08754","118","false","interacts with","P08913 (interacts with) P08754","ADRA2A","CA1;SIGNOR;Wang","GNAI3"
"1","0","1","interacts with","1","0","1","P10721 (interacts with) P27986","146","false","interacts with","P10721 (interacts with) P27986","KIT","ACSN;BioGRID;CancerCellMap;HPRD;InnateDB;IntAct;Lit-BM-17;NetPath;PhosphoPoint;SIGNOR;Wang","PIK3R1"
"1","1","0","interacts with","1","1","0","P17252 (interacts with) Q9NQ66","250","false","interacts with","P17252 (interacts with) Q9NQ66","PRKCA","CA1;HPRD;HPRD-phos;HPRD_KEA;HPRD_MIMP;KEA;Kinexus_KEA;MIMP;NetworKIN_KEA;PhosphoPoint;PhosphoSite_KEA;PhosphoSite_MIMP;ProtMapper;REACH_ProtMapper;SIGNOR;SIGNOR_ProtMapper;Wang;iPTMnet;phosphoELM_MIMP","PLCB1"
"1","0","1","interacts with","1","0","1","P27986 (interacts with) O00329","146","false","interacts with","P27986 (interacts with) O00329","PIK3R1","HPRD;HuRI;InnateDB;IntAct;NetPath;SIGNOR","PIK3CD"
"1","0","1","interacts with","1","0","1","P63000 (interacts with) P42336","281","false","interacts with","P63000 (interacts with) P42336","RAC1","Adhesome;Wang","PIK3CA"
"1","0","1","interacts with","1","0","1","P12931 (interacts with) Q05655","33","false","interacts with","P12931 (interacts with) Q05655","SRC","HPRD;HPRD_MIMP;KEA;Kinexus_KEA;MIMP;NCI-PID_ProtMapper;PhosphoSite;PhosphoSite_MIMP;PhosphoSite_ProtMapper;PhosphoSite_noref;ProtMapper;REACH_ProtMapper;RLIMS-P_ProtMapper;Sparser_ProtMapper;Wang;iPTMnet;phosphoELM_KEA;phosphoELM_MIMP","PRKCD"
"1","0","1","interacts with","1","0","1","P00533 (interacts with) O00750","123","false","interacts with","P00533 (interacts with) O00750","EGFR","CancerCellMap;HPRD;IntAct;Lit-BM-17;NetPath;PhosphoPoint;SIGNOR;Wang","PIK3C2B"
"1","0","1","interacts with","1","0","1","P10721 (interacts with) P42224","9","false","interacts with","P10721 (interacts with) P42224","KIT","ACSN;CancerCellMap;HPRD;HPRD-phos;HPRD_KEA;HPRD_MIMP;InnateDB;KEA;LMPID;Lit-BM-17;MIMP;NetPath;PhosphoPoint;PhosphoSite_KEA;PhosphoSite_MIMP;ProtMapper;SIGNOR;SIGNOR_ProtMapper;Wang;iPTMnet;phosphoELM_MIMP","STAT1"
"1","0","1","interacts with","1","0","1","P12931 (interacts with) P42336","30","false","interacts with","P12931 (interacts with) P42336","SRC","Adhesome;SPIKE;Wang","PIK3CA"
"1","0","1","interacts with","1","0","1","P04626 (interacts with) Q15303","74","false","interacts with","P04626 (interacts with) Q15303","ERBB2","HPRD;IntAct;Lit-BM-17;PhosphoPoint;SIGNOR;Wang","ERBB4"
"1","0","1","interacts with","1","0","1","P42336 (interacts with) Q05513","153","false","interacts with","P42336 (interacts with) Q05513","PIK3CA","NetPath;Wang","PRKCZ"
"1","1","0","interacts with","1","1","1","P63000 (interacts with) P61586","283","false","interacts with","P63000 (interacts with) P61586","RAC1","Adhesome;KEGG-MEDICUS;Wang","RHOA"
"1","0","1","interacts with","1","0","1","P11229 (interacts with) P63096","174","false","interacts with","P11229 (interacts with) P63096","CHRM1","SIGNOR","GNAI1"
"1","0","1","interacts with","1","1","1","P27986 (interacts with) P48736","149","false","interacts with","P27986 (interacts with) P48736","PIK3R1","NetPath;SIGNOR;Wang","PIK3CG"
"0","0","0","interacts with","1","0","1","P27986 (interacts with) P42336","147","false","interacts with","P27986 (interacts with) P42336","PIK3R1","BioGRID;DIP;HPRD;InnateDB;IntAct;Lit-BM-17;NetPath;SIGNOR;Wang","PIK3CA"
"1","0","1","interacts with","1","0","1","P17948 (interacts with) P19174","36","false","interacts with","P17948 (interacts with) P19174","FLT1","HPRD;Li2012;Lit-BM-17;PhosphoPoint;SIGNOR;SignaLink3;Wang","PLCG1"
"1","0","1","interacts with","1","0","1","P27986 (interacts with) P42338","148","false","interacts with","P27986 (interacts with) P42338","PIK3R1","BioGRID;HPRD;InnateDB;IntAct;Lit-BM-17;NetPath;SIGNOR;Wang","PIK3CB"
"1","0","1","interacts with","1","0","1","Q15796 (interacts with) P16220","67","false","interacts with","Q15796 (interacts with) P16220","SMAD2","SIGNOR;SignaLink3","CREB1"
"1","1","0","interacts with","1","1","0","Q96GD4 (interacts with) P56524","49","false","interacts with","Q96GD4 (interacts with) P56524","AURKB","ProtMapper;SIGNOR;SIGNOR_ProtMapper;iPTMnet","HDAC4"
"1","0","1","interacts with","1","0","1","O60674 (interacts with) P40763","142","false","interacts with","O60674 (interacts with) P40763","JAK2","BioGRID;CancerCellMap;HPRD;HPRD-phos;HPRD_KEA;HPRD_MIMP;InnateDB;KEA;KEGG-MEDICUS;MIMP;NCI-PID_ProtMapper;NetPath;PhosphoPoint;PhosphoSite;PhosphoSite_KEA;PhosphoSite_MIMP;PhosphoSite_ProtMapper;ProtMapper;RLIMS-P_ProtMapper;SIGNOR;SIGNOR_ProtMapper;SPIKE;SignaLink3;Sparser_ProtMapper;Wang;iPTMnet;phosphoELM;phosphoELM_KEA;phosphoELM_MIMP","STAT3"
"1","1","0","interacts with","1","1","1","Q05655 (interacts with) P29474","291","false","interacts with","Q05655 (interacts with) P29474","PRKCD","NCI-PID_ProtMapper;ProtMapper;SIGNOR;SIGNOR_ProtMapper;Wang;iPTMnet","NOS3"
"1","0","1","interacts with","1","0","1","P21917 (interacts with) O14775","39","false","interacts with","P21917 (interacts with) O14775","DRD4","SIGNOR","GNB5"
"1","0","1","interacts with","1","0","1","P53350 (interacts with) O14641","470","false","interacts with","P53350 (interacts with) O14641","PLK1","MIMP;PhosphoSite;PhosphoSite_MIMP;PhosphoSite_ProtMapper;ProtMapper;RLIMS-P_ProtMapper;SIGNOR;SIGNOR_ProtMapper;iPTMnet","DVL2"
"1","0","1","interacts with","1","0","1","Q13315 (interacts with) P15336","484","false","interacts with","Q13315 (interacts with) P15336","ATM","KEA;MIMP;PhosphoPoint;PhosphoSite;PhosphoSite_KEA;PhosphoSite_MIMP;PhosphoSite_ProtMapper;PhosphoSite_noref;ProtMapper;REACH_ProtMapper;RLIMS-P_ProtMapper;SIGNOR;SIGNOR_ProtMapper;SPIKE;Sparser_ProtMapper;Wang;iPTMnet;phosphoELM;phosphoELM_KEA;phosphoELM_MIMP","ATF2"
"0","0","0","interacts with","1","0","0","P08581 (interacts with) P22681","99","false","interacts with","P08581 (interacts with) P22681","MET","BioGRID;DOMINO;HPRD;IntAct;LMPID;Lit-BM-17;PhosphoPoint","CBL"
"1","0","1","interacts with","1","0","1","P12931 (interacts with) P19174","24","false","interacts with","P12931 (interacts with) P19174","SRC","Adhesome;CA1;HPRD;HPRD-phos;HPRD_KEA;HPRD_MIMP;KEA;MIMP;NetPath;NetworKIN_KEA;PhosphoPoint;PhosphoSite_KEA;PhosphoSite_MIMP;ProtMapper;Reactome_ProtMapper;SIGNOR;SIGNOR_ProtMapper;Wang;iPTMnet;phosphoELM_MIMP","PLCG1"
"1","1","0","interacts with","1","1","0","P31749 (interacts with) P45985","264","false","interacts with","P31749 (interacts with) P45985","AKT1","HPRD;HPRD-phos;HPRD_KEA;HPRD_MIMP;InnateDB;KEA;MIMP;NetworKIN_KEA;PhosphoPoint;PhosphoSite;PhosphoSite_KEA;PhosphoSite_MIMP;PhosphoSite_ProtMapper;ProtMapper;REACH_ProtMapper;SIGNOR;SIGNOR_ProtMapper;Sparser_ProtMapper;Wang;iPTMnet;phosphoELM_MIMP","MAP2K4"
"1","1","0","interacts with","1","1","0","P17252 (interacts with) P00533","239","false","interacts with","P17252 (interacts with) P00533","PRKCA","ACSN;BEL-Large-Corpus_ProtMapper;CancerCellMap;HPRD;HPRD_MIMP;IntAct;KEA;Kinexus_KEA;Lit-BM-17;MIMP;NetPath;PhosphoPoint;PhosphoSite_KEA;PhosphoSite_MIMP;PhosphoSite_ProtMapper;ProtMapper;SIGNOR;SIGNOR_ProtMapper;Sparser_ProtMapper;Wang;iPTMnet;phosphoELM;phosphoELM_KEA;phosphoELM_MIMP","EGFR"
"1","0","1","interacts with","1","0","1","P50148 (interacts with) P01112","111","false","interacts with","P50148 (interacts with) P01112","GNAQ","SIGNOR","HRAS"
"1","0","1","interacts with","1","0","1","P28221 (interacts with) P08754","365","false","interacts with","P28221 (interacts with) P08754","HTR1D","SIGNOR","GNAI3"
"1","1","0","interacts with","1","1","1","O14920 (interacts with) P25963","181","false","interacts with","O14920 (interacts with) P25963","IKBKB","BEL-Large-Corpus_ProtMapper;BioGRID;DIP;HPRD;HPRD-phos;HPRD_KEA;HPRD_MIMP;InnateDB;IntAct;KEA;MIMP;Macrophage;NCI-PID_ProtMapper;NetPath;PhosphoPoint;PhosphoSite_KEA;PhosphoSite_MIMP;PhosphoSite_ProtMapper;PhosphoSite_noref;ProtMapper;REACH_ProtMapper;RLIMS-P_ProtMapper;Reactome_ProtMapper;Reactome_SignaLink3;SIGNOR;SIGNOR_ProtMapper;SignaLink3;Sparser_ProtMapper;TCRcuration_SignaLink3;Wang;iPTMnet;phosphoELM_MIMP","NFKBIA"
"1","0","1","interacts with","1","0","1","P36897 (interacts with) P61586","76","false","interacts with","P36897 (interacts with) P61586","TGFBR1","HPRD;PhosphoPoint;SIGNOR","RHOA"
"1","0","1","interacts with","1","0","1","P28222 (interacts with) P63096","375","false","interacts with","P28222 (interacts with) P63096","HTR1B","SIGNOR","GNAI1"
"1","0","1","interacts with","1","0","1","Q96GD4 (interacts with) Q13315","483","false","interacts with","Q96GD4 (interacts with) Q13315","AURKB","MIMP;PhosphoSite_MIMP;PhosphoSite_ProtMapper;PhosphoSite_noref;ProtMapper;RLIMS-P_ProtMapper;SIGNOR;SIGNOR_ProtMapper;Sparser_ProtMapper;iPTMnet","ATM"
"1","0","1","interacts with","1","0","1","O15530 (interacts with) P31751","186","false","interacts with","O15530 (interacts with) P31751","PDPK1","ACSN;HPRD;HPRD-phos;HPRD_KEA;KEA;NCI-PID_ProtMapper;PhosphoPoint;PhosphoSite;PhosphoSite_KEA;PhosphoSite_ProtMapper;ProtMapper;REACH_ProtMapper;RLIMS-P_ProtMapper;Reactome_ProtMapper;SIGNOR;SIGNOR_ProtMapper;SignaLink3;Sparser_ProtMapper;Wang;dbPTM;iPTMnet;phosphoELM","AKT2"
"1","0","1","interacts with","1","0","1","P36897 (interacts with) P63000","77","false","interacts with","P36897 (interacts with) P63000","TGFBR1","SIGNOR","RAC1"
"1","0","1","interacts with","1","0","1","Q96GD4 (interacts with) Q3KR16","486","false","interacts with","Q96GD4 (interacts with) Q3KR16","AURKB","PhosphoSite;PhosphoSite_noref;ProtMapper;SIGNOR;SIGNOR_ProtMapper;iPTMnet","PLEKHG6"
"1","0","1","interacts with","1","0","1","O60674 (interacts with) Q06124","145","false","interacts with","O60674 (interacts with) Q06124","JAK2","HPRD;KEA;Kinexus_KEA;NetPath;PhosphoPoint;ProtMapper;SIGNOR;SIGNOR_ProtMapper;SignaLink3;Wang","PTPN11"
"1","0","1","interacts with","1","0","1","P12931 (interacts with) O15530","15","false","interacts with","P12931 (interacts with) O15530","SRC","Adhesome;BEL-Large-Corpus_ProtMapper;HPRD;HPRD-phos;HPRD_KEA;HPRD_MIMP;KEA;Kinexus_KEA;MIMP;PhosphoPoint;PhosphoSite;PhosphoSite_KEA;PhosphoSite_MIMP;PhosphoSite_ProtMapper;ProtMapper;REACH_ProtMapper;RLIMS-P_ProtMapper;SIGNOR;SIGNOR_ProtMapper;Sparser_ProtMapper;Wang;dbPTM;iPTMnet;phosphoELM;phosphoELM_KEA;phosphoELM_MIMP","PDPK1"
"1","0","1","interacts with","1","0","1","P28222 (interacts with) P08754","372","false","interacts with","P28222 (interacts with) P08754","HTR1B","SIGNOR","GNAI3"
"1","0","1","interacts with","1","1","1","P28562 (interacts with) Q16539","63","false","interacts with","P28562 (interacts with) Q16539","DUSP1","ACSN;CA1;DEPOD;HPRD;InnateDB;IntAct;KEA;Kinexus_KEA;Lit-BM-17;Macrophage;SIGNOR;SPIKE;SignaLink3;Wang","MAPK14"
"1","0","1","interacts with","1","0","1","P60953 (interacts with) Q16584","280","false","interacts with","P60953 (interacts with) Q16584","CDC42","ACSN;BioGRID;HPRD;Lit-BM-17;NCI-PID_ProtMapper;ProtMapper;SignaLink3;Wang","MAP3K11"
"1","0","1","interacts with","1","0","1","O15530 (interacts with) P31749","185","false","interacts with","O15530 (interacts with) P31749","PDPK1","ACSN;Adhesome;BioGRID;CA1;ELM;HPRD;HPRD-phos;HPRD_KEA;IntAct;KEA;Lit-BM-17;NCI-PID_ProtMapper;NetPath;PhosphoPoint;PhosphoSite_KEA;PhosphoSite_ProtMapper;ProtMapper;REACH_ProtMapper;RLIMS-P_ProtMapper;SIGNOR;SIGNOR_ProtMapper;SPIKE;SignaLink3;Sparser_ProtMapper;Wang;dbPTM;iPTMnet;phosphoELM","AKT1"
